10_08_2018/Bat01_ch_1_rec_02_seq_01,10_08_2018/Bat01_ch_1_rec_03_seq_01,02_08_2018/Bat02_ch_1_rec_01_seq_01,02_08_2018/Bat02_ch_1_rec_02_seq_01,02_08_2018/Bat02_ch_1_rec_04_seq_01,02_08_2018/Bat02_ch_1_rec_04_seq_02,03_08_2018/Bat02_ch_1_rec_01_seq_01,03_08_2018/Bat02_ch_1_rec_04_seq_01,03_08_2018/Bat02_ch_1_rec_12_seq_01,03_08_2018/Bat03_ch_1_rec_36_seq_01,03_08_2018/Bat03_ch_1_rec_45_seq_01,03_08_2018/Bat03_ch_1_rec_20_seq_01,04_08_2018/Bat01_ch_1_rec_06_seq_01,04_08_2018/Bat01_ch_1_rec_08_seq_01,04_08_2018/Bat01_ch_1_rec_32_seq_01
0.104206666666667,0.009906666666667,0.0232316666666666,0.0201566666666666,0.5798066666666667,4.18402218049154,0.0478316666666666,0.0119566666666666,0.2733316666666666,0.0744816666666666,0.4049247559489612,0.3461066666666667,0.0898566666666666,0.4250316666666666,1.0205566666666666
0.122656666666667,0.031431666666667,0.0509066666666666,0.0621816666666666,0.6136316666666667,4.204206666666667,0.0642316666666666,0.0437316666666666,0.2887066666666666,0.1172270295409447,0.4219566666666666,0.3625066666666666,0.1124066666666666,0.4455316666666666,1.0390066666666666
0.139056666666667,0.056031666666667,0.0898566666666666,0.0960066666666666,0.6474566666666667,4.225731666666666,0.0860366075920846,0.0703816666666666,0.3040816666666666,0.1411066666666666,0.4429946844205812,0.3819816666666666,0.1359816666666666,0.4767941666666666,1.0513066666666666
0.157253020856847,0.081656666666667,0.1195816666666666,0.1288066666666666,0.6751316666666667,4.267756666666667,0.1042294373225887,0.1052316666666666,0.3184987969680322,0.1651941666666666,0.4610570592428826,0.4014566666666667,0.1639475021742467,0.4998566666666666,1.0687316666666669
0.175956666666667,0.102156666666667,0.1554566666666666,0.1759566666666666,0.7038316666666666,4.290306666666667,0.1206066666666666,0.1349566666666666,0.3310918968778674,0.1964566666666666,0.4874559147524001,0.4219566666666666,0.2026066666666666,0.5306066666666667,1.0830816666666667
0.194406666666667,0.121631666666667,0.1882566666666666,0.2118316666666666,0.7284316666666667,4.312856666666667,0.1400816666666666,0.1718566666666666,0.3464296467680514,0.2241316666666666,0.5019066666666666,0.4434816666666666,0.2251566666666666,0.5500816666666667,1.1015316666666666
0.213881666666667,0.140081666666667,0.2179816666666666,0.2456566666666666,0.7540566666666667,4.339506666666667,0.1575066666666666,0.2097816666666666,0.3612830466617032,0.2589816666666666,0.5162566666666667,0.4680816666666667,0.2589816666666666,0.5880066666666667,1.1199816666666667
0.235406666666667,0.157506666666667,0.2497566666666666,0.2702566666666666,0.7868566666666666,4.367181666666666,0.1718566666666666,0.2466816666666666,0.3748066666666667,0.2982497898994964,0.5316316666666666,0.4855066666666666,0.3030566666666666,0.6136316666666667,1.1327941666666668
0.252831666666667,0.175956666666667,0.2764066666666667,0.3030566666666666,0.8145316666666667,4.388706666666667,0.1892816666666666,0.2805066666666667,0.3901816666666666,0.3266316666666666,0.5511066666666666,0.5070316666666668,0.3235566666666666,0.6443816666666666,1.1512441666666666
0.277431666666667,0.196456666666667,0.3112566666666667,0.3297066666666666,0.8411816666666667,4.415356666666667,0.2077316666666666,0.3133066666666667,0.4055566666666667,0.3553316666666666,0.5730437831411515,0.5275316666666667,0.3573816666666666,0.6659066666666666,1.1691816666666666
0.298956666666667,0.217095787348084,0.3491816666666666,0.3543066666666666,0.8678316666666667,4.442006666666667,0.2251566666666666,0.3573816666666666,0.4209316666666666,0.3901816666666666,0.5910816666666666,0.5537839355144665,0.3963316666666667,0.7058816666666666,1.1942941666666667
0.320481666666667,0.244631666666667,0.3830066666666666,0.3835191666666666,0.9026816666666668,4.466606666666666,0.2446316666666666,0.4035066666666667,0.4393816666666666,0.4229816666666666,0.6105566666666666,0.5757066666666667,0.4219566666666666,0.7304816666666667,1.2122316666666666
0.339956666666667,0.268206666666667,0.4117066666666666,0.4091441666666666,0.9272816666666668,4.492231666666667,0.2620566666666666,0.4322066666666667,0.4537316666666666,0.4547566666666666,0.6372066666666667,0.5972316666666667,0.4516816666666666,0.7591816666666666,1.2368316666666668
0.357381666666667,0.291781666666667,0.4373316666666667,0.4352816666666667,0.9570066666666668,4.516831666666667,0.2815316666666667,0.4609066666666667,0.4762816666666666,0.4855066666666666,0.6587316666666667,0.6208066666666666,0.4824316666666666,0.7827566666666667,1.2604066666666667
0.374806666666667,0.312281666666667,0.4619316666666667,0.4639816666666667,0.9928816666666668,4.548606666666666,0.2989566666666666,0.4957566666666667,0.4988316666666667,0.5111316666666667,0.6833316666666667,0.6443816666666666,0.5157441666666667,0.8155566666666667,1.2824441666666666
0.393256666666667,0.331756666666667,0.4885816666666667,0.4998566666666666,1.0318316666666667,4.607031666666667,0.3174066666666666,0.5306066666666667,0.5183066666666667,0.5418816666666667,0.7089566666666667,0.6720566666666666,0.5531566666666666,0.8411816666666667,1.3055066666666666
0.409656666666667,0.354306666666667,0.5131816666666666,0.5377816666666667,1.0748816666666667,4.633681666666667,0.3409816666666667,0.5634066666666666,0.5377816666666667,0.5644316666666667,0.7304816666666667,0.6935816666666667,0.6013316666666667,0.8668066666666666,1.3290816666666667
0.426056666666667,0.384031666666667,0.5347066666666667,0.5685316666666667,1.103581666666667,4.665456666666667,0.3645566666666666,0.5982566666666667,0.5593066666666666,0.5931316666666666,0.7509816666666667,0.7130566666666667,0.6351566666666667,0.8944816666666666,1.3526566666666666
0.441431666666667,0.406581666666667,0.5562316666666667,0.6310566666666667,1.133306666666667,4.696206666666667,0.3906941666666667,0.6361816666666666,0.5757066666666667,0.6177316666666667,0.7704566666666667,0.7376566666666666,0.6935816666666667,0.9313816666666668,1.3752066666666667
0.457831666666667,0.436306666666667,0.5777566666666667,0.6607816666666667,1.1609816666666666,4.723881666666666,0.4219566666666666,0.6638566666666667,0.5941566666666667,0.6413066666666667,0.7909566666666666,0.7678941666666667,0.7192066666666667,0.9682816666666668,1.4008316666666667
0.474231666666667,0.460906666666667,0.6003066666666667,0.6946066666666667,1.1886566666666667,4.750531666666666,0.4486066666666666,0.6853816666666667,0.6187566666666666,0.6679566666666666,0.8083816666666667,0.7940316666666667,0.7489316666666667,1.0113316666666667,1.4244066666666666
0.490631666666667,0.494731666666667,0.6218316666666667,0.7335566666666666,1.2142816666666667,4.778719166666667,0.4803816666666666,0.7069066666666667,0.6372066666666667,0.6946066666666667,0.8278566666666667,0.8165816666666667,0.7781441666666666,1.0395191666666663,1.4490066666666668
0.507031666666667,0.529581666666667,0.6376288097314914,0.7612316666666666,1.2419566666666666,4.806906666666666,0.5049816666666667,0.7356066666666666,0.6628316666666667,0.7243316666666667,0.8483566666666666,0.8432316666666667,0.8032566666666666,1.0718066666666666,1.4695066666666667
0.522406666666667,0.556744166666667,0.6566816666666667,0.7868566666666666,1.2706566666666668,4.832531666666666,0.5306066666666667,0.7622566666666667,0.6833316666666667,0.7468816666666667,0.8678316666666667,0.8678316666666667,0.8329816666666666,1.0994816666666667,1.4982066666666667
0.538806666666667,0.583906666666667,0.6761566666666666,0.8145316666666667,1.2937191666666663,4.865331666666667,0.5500816666666667,0.7858316666666667,0.7017816666666666,0.7725066666666667,0.8852566666666667,0.8924316666666666,0.8586066666666666,1.1343316666666667,1.5176816666666666
0.554181666666667,0.612606666666667,0.6966566666666667,0.8391316666666667,1.3167816666666667,4.892494166666666,0.5746816666666666,0.8094066666666667,0.7263816666666667,0.7950566666666666,0.9047316666666668,0.9201066666666666,0.8842316666666666,1.1620066666666666,1.5566316666666666
0.569223282659482,0.642331666666667,0.7181816666666667,0.8637316666666667,1.3403566666666666,4.920169166666667,0.6003066666666667,0.8319566666666667,0.7479066666666667,0.8155566666666667,0.9272816666666668,0.9467566666666668,0.9108816666666668,1.1971817152524753,1.5873816666666667
0.583906666666667,0.671031666666667,0.7387726937715612,0.8862816666666666,1.3639316666666668,4.949381666666667,0.6249066666666667,0.8565566666666666,0.7725066666666667,0.8360566666666667,0.9457316666666666,0.9795566666666666,0.9375316666666668,1.231429192599263,1.6099316666666668
0.598808446033764,0.698706666666667,0.7575845837930888,0.9129316666666668,1.3905816666666666,4.981156666666666,0.6505316666666666,0.8801316666666666,0.7919816666666667,0.8575816666666667,0.9672566666666668,1.0072316666666667,0.9693066666666666,1.2542608441637886,1.6365816666666666
0.614828294031931,0.720231666666667,0.776801030589273,0.9375316666666668,1.413131666666667,5.011394166666666,0.6720566666666666,0.9047316666666668,0.8217066666666667,0.8760316666666667,0.9877566666666666,1.0349066666666666,0.9959566666666668,1.2788566666666668,1.6622066666666666
0.630380896463485,0.743806666666667,0.797433426096755,0.9693066666666666,1.4408066666666666,5.042656666666667,0.6966566666666667,0.9303566666666668,0.8432316666666667,0.8944816666666666,1.0062066666666667,1.0595066666666666,1.018506666666667,1.3044816666666668,1.6939816666666667
0.645599752061744,0.765331666666667,0.8148293674069849,1.0133816666666666,1.4715566666666666,5.083656666666666,0.7171566666666667,0.9652066666666668,0.8678316666666667,0.9129316666666668,1.0256816666666666,1.0851316666666666,1.0502816666666666,1.3266786519687377,1.7360066666666667
0.662487341826479,0.788906666666667,0.8350316666666666,1.048231666666667,1.5002566666666666,5.113381666666666,0.7427816666666667,0.9836566666666666,0.8903816666666666,0.9324066666666668,1.044131666666667,1.1087066666666667,1.073856666666667,1.3510664230811635,1.7524066666666667
0.677839696158056,0.817606666666667,0.8565566666666666,1.073856666666667,1.5356191666666668,5.137981666666667,0.7643066666666667,1.0072316666666667,0.9129316666666668,0.9488066666666668,1.0605316666666669,1.1353566666666666,1.1025566666666666,1.3782816666666666,1.7759816666666666
0.916006666666667,0.845281666666667,0.8750066666666667,1.1056316666666666,1.5684191666666667,5.172831666666666,0.7868566666666666,1.0226066666666669,0.9395816666666666,0.9672566666666668,1.0769316666666666,1.1589316666666667,1.1292066666666667,1.4018566666666668,1.8046816666666667
0.931381666666667,0.871931666666667,0.8924316666666666,1.1322816666666666,1.6032691666666667,5.2035816666666665,0.8094066666666667,1.0461816666666666,0.9641816666666668,0.9826316666666668,1.0964066666666668,1.1814816666666668,1.1568816666666666,1.4346566666666667,1.8313316666666666
0.948806666666667,0.899606666666667,0.9129316666666668,1.167131666666667,1.6376066666666669,5.231256666666667,0.8329816666666666,1.0646316666666666,0.9857066666666666,1.0000566666666666,1.1148566666666666,1.2071066666666668,1.1784066666666666,1.4674566666666666,1.8571512557824312
0.964181666666667,0.928819166666667,0.9324066666666668,1.1937816666666667,1.6704066666666666,5.259956666666667,0.8545066666666666,1.0800066666666666,1.0082566666666666,1.0154316666666667,1.1312566666666666,1.230681666666667,1.200956666666667,1.4920566666666666,1.8815566666666668
0.985706666666667,0.962131666666667,0.9559816666666666,1.2332441666666667,1.7108941666666668,5.288656666666666,0.8791066666666667,1.0964066666666668,1.0287566666666668,1.0328566666666668,1.1486816666666666,1.2542566666666666,1.2235066666666667,1.5310066666666666,1.9051316666666667
1.00415666666667,0.988781666666667,0.9754566666666666,1.2614316666666667,1.7390816666666666,5.324531666666667,0.9057566666666668,1.1148566666666666,1.0584816666666668,1.0492566666666667,1.1640566666666667,1.2778316666666667,1.2511816666666666,1.5545816666666668,1.9353691666666668
1.02055666666667,1.01440666666667,0.9964691666666669,1.2839816666666666,1.7688066666666666,5.350156666666667,0.9313816666666668,1.137406666666667,1.0861566666666669,1.0707816666666667,1.1814816666666668,1.3075566666666667,1.2747566666666668,1.5873816666666667,1.9604816666666667
1.04003166666667,1.03593166666667,1.0144066666666665,1.3085816666666668,1.803656666666667,5.374756666666666,0.9508566666666668,1.1548316666666667,1.1066566666666666,1.1958316666666666,1.1978816666666667,1.3393316666666666,1.3055066666666666,1.6140316666666668,1.9902066666666667
1.06053166666667,1.05950666666667,1.0451566666666667,1.3383066666666668,1.8405566666666664,5.399356666666667,0.9980066666666668,1.171231666666667,1.137406666666667,1.222481666666667,1.2132566666666666,1.3711066666666667,1.3311316666666666,1.6437566666666663,2.044531666666667
1.08410666666667,1.08000666666667,1.0677066666666666,1.3659816666666666,1.871306666666667,5.417806666666666,1.0256816666666666,1.1907066666666666,1.1814816666666668,1.2624566666666666,1.230681666666667,1.3977566666666668,1.3557316666666666,1.6709191666666667,2.0763066666666665
1.10358166666667,1.10563166666667,1.0923066666666663,1.4085191666666668,1.9041066666666664,5.442406666666667,1.0492566666666667,1.2081316666666666,1.2112066666666668,1.2819316666666667,1.2440066666666667,1.4305566666666667,1.3875066666666669,1.7042316666666668,2.1029566666666666
1.12305666666667,1.13023166666667,1.1256191666666666,1.4397816666666667,1.934856666666667,5.462906666666667,1.0871816666666667,1.260406666666667,1.2358066666666667,1.3045561248119772,1.2593816666666666,1.4613066666666668,1.417231666666667,1.7319066666666667,2.1326816666666666
1.14253166666667,1.16200666666667,1.1466316666666667,1.4715566666666666,1.9594566666666664,5.4875066666666665,1.111781666666667,1.286031666666667,1.2819316666666667,1.3260066666666666,1.2757816666666666,1.4828316666666668,1.4438816666666667,1.7585566666666668,2.1603566666666665
1.16713166666667,1.18660666666667,1.167131666666667,1.506406666666667,1.9840566666666664,5.504931666666667,1.137406666666667,1.3050569795521425,1.3301066666666668,1.3547066666666667,1.2921816666666666,1.5084566666666666,1.4787316666666668,1.7848869738089517,2.1905941666666666
1.18968166666667,1.21530666666667,1.1907066666666666,1.5371566666666667,2.0076316666666667,5.525431666666667,1.167131666666667,1.3278633370450317,1.3593191666666669,1.3809788718225746,1.3074877316848847,1.5330566666666667,1.5135816666666666,1.8149316666666664,2.2187816666666667
1.21325666666667,1.24913166666667,1.2132566666666666,1.565856666666667,2.0342816666666668,5.5500316666666665,1.1978816666666667,,1.3905816666666666,1.4080066666666666,1.3238828103697429,1.5648316666666666,1.5453566666666667,1.8364566666666664,2.2485066666666667
1.23478166666667,1.28295666666667,1.2368316666666668,1.5986566666666666,2.0588816666666667,5.570531666666667,1.2276066666666667,,1.4187691666666669,1.432094166666667,,1.5853316666666666,1.5771316666666666,1.8600316666666667,2.2802816666666668
1.25835666666667,1.31729416666667,1.2593816666666666,1.625306666666667,2.0845066666666665,5.610506666666667,1.2583566666666666,,1.4397816666666667,1.4670550184555633,,1.6119816666666666,1.6109566666666666,1.8825816666666664,2.3079566666666667
1.27988166666667,1.34855666666667,1.2829566666666667,1.6514441666666668,2.1111566666666666,5.628956666666666,1.2880816666666666,,1.4633566666666666,1.4961566666666666,,1.6314566666666668,1.644269166666667,1.9020566666666667,2.3325566666666666
1.30448166666667,1.37674416666667,1.3075566666666667,1.6827066666666666,2.147031666666667,5.647406666666667,1.3096066666666666,,1.48544132534447,1.5217816666666666,,1.659131666666667,1.6775816666666667,1.9256316666666664,2.3651783523896337
1.32805666666667,1.40903166666667,1.3301066666666668,1.7103816666666667,2.1818816666666665,5.666881666666667,1.3321566666666669,,1.5066168458452225,1.5484316666666669,,1.6837316666666666,1.7073066666666668,1.9461316666666664,2.3868816666666666
1.35163166666667,1.44080666666667,1.3547066666666667,1.7401066666666667,2.201356666666667,5.693531666666667,1.3526566666666666,,1.5258816666666666,1.572974264312356,,1.7062816666666667,1.7349816666666666,1.9748316666666668,2.4063566666666665
1.37623166666667,1.47668166666667,1.379306666666667,1.7708566666666667,2.226981666666666,5.724281666666666,1.379306666666667,,1.5515066666666666,1.5966066666666667,,1.7319066666666667,1.7667566666666668,1.9973816666666664,2.668756666666667
1.39878166666667,1.50486916666667,1.4018566666666668,1.8005816666666667,2.252606666666667,,1.3977566666666668,,1.5761066666666668,1.6201816666666666,,1.7544566666666668,1.7913566666666667,2.0250566666666665,2.709756666666667
1.42543166666667,1.53613166666667,1.4274816666666668,1.8292816666666667,2.2802816666666663,,1.426127310759777,,1.5966066666666667,1.6519566666666667,,1.7811066666666666,1.8159566666666669,2.0414566666666665,2.7323066666666667
1.45105666666667,1.56380666666667,1.4572066666666668,1.8610566666666664,2.308981666666667,,1.4449066666666666,,1.6242816666666666,1.6755316666666666,,1.8087816666666667,1.841581666666667,2.0568316666666666,2.7548566666666665
1.47668166666667,1.60429416666667,1.4777066666666667,1.8918066666666664,2.3335816666666664,,1.4654066666666667,,1.6611816666666666,1.7073066666666668,,1.833381666666667,1.8723316666666667,2.0732316666666666,2.7784316666666666
1.50333166666667,1.63965666666667,1.4951316666666667,1.9235816666666667,2.363306666666667,,1.4889816666666666,,1.684756666666667,1.7401066666666667,,1.8567441422871875,1.8928316666666667,2.0886066666666667,2.8081566666666666
1.54330666666667,1.67348166666667,1.5156316666666667,1.9574066666666667,2.389444166666667,,1.5140941666666667,,1.7062816666666667,1.7677816666666666,,1.874110763834672,1.9133316666666669,2.108081666666666,2.8266066666666667
1.56841916666667,1.70218166666667,1.5381816666666666,1.9871316666666667,2.417631666666667,,1.5371566666666667,,1.7288316666666668,1.7944316666666666,,1.8897566666666668,1.9369066666666668,2.125506666666667,2.8522316666666665
1.59353166666667,1.72883166666667,1.5576566666666667,2.018906666666666,2.4422316666666664,,1.5586816666666667,,1.7616316666666667,1.8303066666666667,,1.9112816666666668,1.9676566666666664,2.1480566666666667,2.871706666666667
1.61505666666667,1.75445666666667,1.5761066666666668,2.048631666666666,2.4678566666666666,,1.580719166666667,,1.782131666666667,1.8508066666666667,,1.930180141973692,1.9984066666666669,2.167531666666666,2.8860566666666667
1.63965666666667,1.78008166666667,1.5935316666666666,2.0763066666666665,2.493481666666667,,1.599681666666667,,1.8005816666666667,1.8723316666666667,,1.950027709456531,2.0240316666666667,2.189641906791835,2.9127066666666668
1.66323166666667,1.80468166666667,1.6119816666666666,2.1009066666666665,2.520131666666667,,1.6227441666666669,,1.8241566666666664,1.8907816666666664,,1.969627182345835,2.052731666666667,2.2136566666666666,2.9291066666666667
1.68373166666667,1.82928166666667,1.629406666666667,2.127556666666667,2.5426816666666667,,1.6422191666666666,,1.8487566666666664,1.9153816666666668,,1.9907152227963512,2.0865566666666666,2.234156666666667,2.949094166666667
1.70423166666667,1.85285666666667,1.6468316666666667,2.158306666666667,2.5652316666666666,,1.6622066666666666,,1.8692566666666663,1.9379316666666664,,2.006097087595552,2.1121816666666664,2.2618316666666667,2.9752316666666667
1.72934416666667,1.87028166666667,1.6632316666666669,2.184956666666667,2.587781666666667,,1.680656666666667,,1.8877066666666664,1.9620175309135173,,2.0438074658129457,2.133706666666667,2.283990748037967,2.9947066666666666
1.74779416666667,1.89180666666667,1.6814300254704009,2.2116066666666665,2.6144316666666665,,1.7001316666666666,,1.905131666666667,1.993001434868438,,,2.163431666666667,2.311866542042506,3.022381666666667
1.76983166666667,1.91230666666667,1.7134566666666666,2.235181666666666,2.6349316666666667,,1.718581666666667,,1.9276816666666667,2.0250566666666665,,,2.1885441666666665,2.3356316666666666,3.0439066666666665
1.79135666666667,1.93588166666667,1.7308816666666669,2.2587566666666667,2.6564566666666667,,1.7349816666666666,,1.9481816666666667,2.0506816666666667,,,2.2167316666666665,2.3592066666666667,3.0644066666666667
1.81083166666667,1.96048166666667,1.7544566666666668,2.285406666666667,2.6728566666666667,,1.7565066666666669,,1.9666316666666663,2.0804066666666667,,,2.2423566666666668,2.3849256285269296,3.0900316666666665
1.82825666666667,1.97995666666667,1.7800816666666666,2.312056666666667,2.6923316666666666,,1.7718816666666666,,1.984058659635628,2.1316566666666663,,,2.2710566666666665,2.4032816666666665,3.1136066666666666
1.84608084344991,1.99943166666667,1.8016066666666664,2.335119166666667,2.7114112267983743,,1.7893066666666666,,2.0045566666666668,2.1562566666666667,,,2.2966816666666667,2.4237816666666667,3.1371816666666668
1.86237096898187,2.01993166666667,1.8313316666666664,2.3602316666666665,2.7252370382672093,,1.807756666666667,,2.0209566666666667,2.1788066666666666,,,2.3223066666666665,3.112581666666667,3.161099949579693
2.44633166666667,2.04043166666667,1.8528566666666664,2.3817566666666665,2.7402972971886186,,1.8241566666666664,,2.0373283283953336,2.209556666666667,,,2.353056666666667,3.1863816666666667,3.1822816666666665
2.46785666666667,2.05990666666667,1.8764316666666667,2.405331666666666,2.7569066666666666,,1.8425028289315009,,2.052731666666667,2.2382566666666666,,,2.3786816666666666,3.2345566666666667,3.2058566666666666
2.48938166666667,2.07835666666667,1.901031666666667,2.4217316666666666,2.7733066666666666,,1.8651566666666664,,2.0722066666666668,2.256706666666666,,,2.4063566666666665,3.2696398395740163,3.2294316666666667
2.50885666666667,2.09885666666667,1.9389566666666669,2.4412066666666665,2.79165031121572,,1.8856566666666668,,2.0947566666666666,2.2792566666666665,,,2.434010244952693,3.290931666666667,3.2524474894265296
2.52730666666667,2.12140666666667,1.9615066666666667,2.4586316666666668,2.812256666666667,,1.9112816666666663,,2.120381666666667,2.3059066666666665,,,2.455224144951462,3.325781666666667,3.2724816666666667
2.54985666666667,2.64620666666667,1.9871316666666667,2.4781066666666667,2.8296816666666667,,1.930756666666667,,2.141906666666667,2.3469066666666665,,,2.47739746756324,3.350381666666667,3.2919566666666666
2.58163166666667,2.66670666666667,,2.4955316666666665,2.8491566666666666,,1.9533066666666667,,2.166506666666667,2.3704816666666666,,,2.4975816666666666,3.3754532480086747,3.3145066666666665
2.60418166666667,2.68720666666667,,2.5170566666666665,2.8727316666666667,,1.9727816666666669,,2.188031666666667,2.3991816666666663,,,2.520131666666667,3.4272566666666666,3.342181666666667
2.62468166666667,2.70421660326688,,2.5355066666666666,2.8922066666666666,,1.9881566666666668,,2.2116066666666665,2.4278816666666665,,,2.5385816666666665,3.4518566666666666,3.3647316666666667
2.65133166666667,2.7230238871636,,2.5570316666666666,2.9106566666666667,,2.006606666666667,,2.2362066666666665,2.450431666666667,,,2.5570316666666666,3.4805566666666667,3.3842066666666666
2.67798166666667,2.74665666666667,,2.5806066666666667,2.9301316666666666,,2.0240316666666667,,2.2628566666666665,2.4811816666666666,,,2.5815946054094963,3.5205235885751027,3.4047066666666668
2.70565666666667,2.77176916666667,,2.6011066666666665,2.952681666666667,,2.0435066666666666,,2.2915566666666667,2.509881666666667,,,2.6011066666666665,3.555381666666667,3.4293066666666667
2.73486916666667,2.79995666666667,,2.628781666666667,2.9752316666666667,,2.0599066666666666,,2.316156666666666,2.5407813125367484,,,2.6277566666666665,3.588181666666667,3.4518566666666666
2.76715666666667,2.82250666666667,,2.6508191666666665,2.9957316666666665,,2.0777845187438326,,2.341781666666667,2.569331666666667,,,2.6492816666666665,3.6209816666666663,3.4707082096343402
2.78816916666667,2.85838166666667,,2.675931666666667,3.016231666666666,,2.116774037227733,,2.371506666666667,2.595981666666667,,,2.6779816666666667,3.648656666666666,3.487929467146449
2.81328166666667,2.88810666666667,,2.701556666666667,3.0377566666666667,,2.128581666666667,,2.3991816666666663,2.6236566666666667,,,2.7056566666666666,3.6809441666666665,3.512331666666667
2.83890666666667,2.92193166666667,,2.7282066666666664,3.066456666666667,,2.1408816666666666,,2.4237816666666667,2.6492816666666665,,,2.7251316666666665,3.7173316666666665,3.5297566666666667
2.86965666666667,2.95473166666667,,2.7528066666666664,3.1002816666666666,,2.154815893804038,,2.4494066666666665,2.671831666666667,,,2.744606666666667,3.737831666666666,3.550256666666667
2.89528166666667,2.99675666666667,,2.7804816666666667,3.1464066666666666,,2.166187836695176,,2.4740066666666665,2.6913066666666667,,,2.7599816666666666,3.7655066666666666,3.7739520919127734
2.92295666666667,3.02545666666667,,2.8066191666666667,3.1966316666666668,,2.178778202038935,,2.4996316666666667,2.7128316666666668,,,2.7733066666666666,3.7890816666666662,3.7901066666666665
2.95268166666667,3.05005666666667,,2.8358316666666665,,,2.1921316666666666,,2.5252566666666665,2.7353816666666666,,,2.7897066666666666,3.8198316666666665,3.8167566666666666
2.98138166666667,3.07465666666667,,2.8624816666666666,,,2.2054566666666666,,2.5467816666666665,2.7579316666666664,,,2.8112316666666666,3.851606666666666,3.834181666666667
3.01008166666667,3.10438166666667,,2.8870816666666665,,,2.221152227335674,,2.574456666666667,2.7763816666666665,,,2.836856666666667,3.8741566666666665,3.8546816666666666
3.04390666666667,3.13410666666667,,2.9075816666666667,,,2.2430838314828674,,2.6031566666666666,2.7938066666666668,,,2.8645316666666667,3.9049066666666663,3.8833816666666667
3.07260666666667,3.16690666666667,,2.9301316666666666,,,2.2782316666666667,,2.6277566666666665,2.8112316666666666,,,2.8840066666666666,3.931556666666667,3.9090066666666665
3.09925666666667,3.19765666666667,,2.952681666666667,,,2.2956566666666665,,2.6523566666666665,2.8296816666666667,,,2.9065566666666665,3.9510316666666663,3.939756666666667
3.12693166666667,3.23148166666667,,2.9731816666666666,,,2.315131666666667,,2.6728566666666667,2.8460816666666666,,,2.927056666666666,3.9756316666666662,3.9684566666666665
3.15563166666667,3.26735666666667,,2.994706666666666,,,2.335631666666667,,2.6995066666666667,2.8624816666666666,,,2.952681666666667,3.9951066666666666,4.000231666666667
3.18433166666667,3.30323166666667,,3.0213566666666667,,,2.3663816666666664,,2.726156666666667,2.8778566666666667,,,2.974206666666667,4.022781666666667,4.0279066666666665
3.20995666666667,3.33603166666667,,3.0490316666666666,,,2.3868816666666666,,2.7497316666666665,2.897331666666666,,,2.998806666666667,4.0443066666666665,4.061731666666667
3.23558166666667,3.36319416666667,,3.072153404019426,,,2.407894166666667,,2.771192460749539,2.9547316666666665,,,3.0264816666666667,4.065831666666667,4.095556666666667
3.25505666666667,3.39035666666667,,3.0890066666666667,,,2.4268566666666667,,2.789390173679873,3.0029066666666666,,,3.061331666666667,4.085306666666667,4.191394166666667
3.27965666666667,3.41393166666667,,3.112581666666667,,,2.455556666666667,,2.8065952840867348,3.0398066666666668,,,3.0951566666666666,4.108881666666667,4.215481666666666
3.30118166666667,3.44058166666667,,3.135131666666666,,,2.4760566666666666,,,3.087981666666667,,,3.1279566666666665,4.23240429056743,4.309781666666667
3.32834416666667,3.47748166666667,,3.1628066666666665,,,2.4965566666666668,,,3.135131666666666,,,3.1525566666666665,4.253406666666667,4.3282316666666665
3.35243166666667,3.51079416666667,,3.1915066666666667,,,2.5139816666666666,,,3.1710066666666665,,,3.1812566666666666,4.275956666666667,4.348542872285493
3.38113166666667,3.53898166666667,,3.2181566666666668,,,2.5334566666666665,,,3.193556666666667,,,3.2130316666666667,4.292494267984074,4.3712816666666665
3.40829416666667,3.56665666666667,,3.240706666666666,,,2.5539566666666667,,,3.2181566666666668,,,3.2427566666666667,4.308756666666667,4.394856666666667
3.44058166666667,3.60048166666667,,3.261206666666667,,,2.5775316666666668,,,3.37849395360729,,,3.2683816666666665,4.331306666666666,4.422119076601937
3.46928166666667,3.62508166666667,,3.2806816666666667,,,2.6011066666666665,,,3.3985566666666664,,,3.290931666666667,4.351806666666667,4.443669492332972
3.49593166666667,3.65173166666667,,3.3052816666666667,,,2.628781666666667,,,3.422034198605417,,,3.313822890560976,4.395881666666667,4.467631666666667
3.52360666666667,3.67530666666667,,3.325781666666667,,,2.6497941666666667,,,3.4553758276580373,,,3.3350066666666667,4.4143316666666665,4.498381666666667
3.54820666666667,3.70195666666667,,3.3493566666666665,,,2.6749066666666668,,,3.481581666666667,,,3.3544816666666666,4.431467897957734,4.521956666666667
3.57485666666667,3.73321916666667,,3.3678066666666666,,,2.7036066666666665,,,3.508231666666666,,,3.3729316666666667,4.449212973125244,4.547581666666667
3.60048166666667,3.76704416666667,,3.388306666666667,,,2.7282066666666664,,,3.5359066666666665,,,3.3903566666666665,4.469681666666666,4.589606666666667
3.62713166666667,3.79574416666667,,3.4200816666666665,,,2.755881666666667,,,3.563581666666667,,,3.409831666666667,4.492446428987901,4.607128461783075
3.65788166666667,3.83418166666667,,3.4498066666666665,,,2.7804816666666667,,,3.5861316666666667,,,3.4282816666666664,4.505567030020847,4.627531666666667
3.68863166666667,3.86390666666667,,3.474406666666667,,,2.808156666666666,,,3.609706666666667,,,3.4467316666666665,4.518257447413368,4.653156666666667
3.72143166666667,3.88953166666667,,3.5000316666666667,,,2.833781666666667,,,3.635331666666666,,,3.4641566666666668,4.532345961637269,4.686574182940069
3.75423166666667,3.91105666666667,,3.5307816666666665,,,2.8604316666666665,,,3.6507066666666654,,,3.4815816666666666,4.543745828108517,4.7146566666666665
3.79215666666667,3.93565666666667,,3.563581666666667,,,2.885031666666667,,,3.6660816666666665,,,3.5000316666666667,4.559017347343585,4.736181666666667
3.82649416666667,3.95974528279692,,3.5943316666666667,,,2.909631666666667,,,3.6845316666666665,,,3.515406666666667,4.572245494286637,4.762831666666667
3.85878166666667,3.98075666666667,,3.6250816666666665,,,2.934231666666667,,,3.708106666666666,,,3.5471816666666665,4.586656646240856,4.788456666666667
3.88953166666667,4.00433166666667,,3.650194166666666,,,2.955756666666667,,,3.7224566666666665,,,3.5594816666666667,4.664431666666666,4.816131666666666
3.91618166666667,4.31490666666667,,3.6732566666666666,,,2.9803566666666668,,,3.741931666666667,,,3.575881666666666,4.899156666666666,4.842781666666666
3.94488166666667,4.33540666666667,,3.6978566666666666,,,3.001881666666667,,,,,,3.5922816666666666,4.917606666666667,4.869431666666666
3.97665666666667,4.35693166666667,,3.7173316666666665,,,3.0254566666666665,,,,,,3.6117566666666665,4.944256666666667,4.898131666666667
4.00433166666667,4.38716916666667,,3.737207081142572,,,3.045956666666666,,,,,,3.647631666666667,4.9688566666666665,4.932981666666667
4.03098166666667,4.41535666666667,,3.7706902251971504,,,3.0685066666666665,,,,,,3.6660816666666665,5.009856666666667,4.962706666666667
4.06070666666667,4.44251916666667,,3.7870316666666666,,,3.096181666666667,,,,,,3.695806666666667,5.035481666666667,4.990381666666667
4.08581916666667,4.46865666666667,,3.8105351666220986,,,3.117706666666667,,,,,,3.7173316666666665,5.062131666666667,5.038556666666667
4.11195666666667,4.49633166666667,,3.834181666666667,,,3.139231666666667,,,,,,3.745519166666667,5.088781666666667,5.070331666666666
4.13963166666667,4.52605666666667,,3.855706666666667,,,3.1628066666666665,,,,,,3.7644816666666654,5.119531666666667,5.111331666666667
4.16730666666667,4.55373166666667,,3.878256666666666,,,3.1925316666666665,,,,,,3.790619166666666,5.147938751084662,5.1472066666666665
4.19908166666667,4.59473166666667,,3.901831666666667,,,3.2191816666666666,,,,,,3.8198316666666665,5.178469166666667,5.1933316666666665
4.22573166666667,4.64751916666667,,3.9346316666666654,,,3.2427566666666667,,,,,,3.848531666666666,5.204094166666667,5.218956666666666
4.25238166666667,4.67058166666667,,3.962306666666666,,,3.2786316666666666,,,,,,3.8751816666666654,5.232794166666666,5.247656666666667
4.28415666666667,4.69620666666667,,3.987931666666667,,,3.307540513644541,,,,,,3.901831666666667,5.265081666666667,5.2927566666666666
4.31285666666667,4.71875666666667,,4.007919166666667,,,3.3391066666666664,,,,,,3.932581666666666,5.290706666666667,5.317356666666667
4.34053166666667,4.74643166666667,,4.032006666666667,,,3.363706666666667,,,,,,3.9725566666666654,5.321456666666666,5.3419566666666665
4.36820666666667,4.77000666666667,,4.051481666666667,,,3.393431666666667,,,,,,3.997156666666666,5.348106666666666,5.3716816666666665
4.39280666666667,4.79563166666667,,4.076081666666667,,,3.414956666666667,,,,,,4.027394166666666,5.375781666666667,5.399356666666667
4.41638166666667,4.82125666666667,,4.094531666666667,,,3.4354566666666666,,,,,,4.056606666666666,5.407556666666666,5.429081666666667
4.43688166666667,4.85098166666667,,4.111956666666667,,,3.4539066666666667,,,,,,4.080263290607052,5.435516514708409,5.452656666666667
4.45533166666667,4.88173166666667,,4.134506666666667,,,3.4713316666666665,,,,,,4.106323325264233,5.460897349493451,5.477256666666666
4.48300666666667,4.91043166666667,,4.162694166666666,,,3.494394166666667,,,,,,4.131944166666667,5.4863857301886005,5.499806666666666
4.50555666666667,4.93810666666667,,4.186269166666667,,,3.5148941666666667,,,,,,4.156031666666666,5.520477783692239,5.524406666666667
4.52503166666667,4.96475666666667,,4.212406666666666,,,3.5425691666666665,,,,,,4.178581666666667,5.9528566666666665,5.545035761887098
4.54963166666667,4.98628166666667,,4.233931666666667,,,3.5625566666666666,,,,,,4.205231666666666,5.974381666666667,5.5633566666666665
4.57525666666667,5.01088166666667,,4.257506666666667,,,3.5861316666666667,,,,,,4.226756666666667,6.002056666666666,5.580781666666667
4.59836896295237,5.03548166666667,,4.283644166666667,,,3.6086816666666666,,,,,,4.252669214883724,6.0553566666666665,5.601281666666667
4.61728166666667,5.06315666666667,,4.3118316666666665,,,3.629694166666667,,,,,,4.280056666666667,6.0850816666666665,5.623831666666667
4.64085666666667,5.08878166666667,,4.349756666666667,,,3.6542941666666655,,,,,,4.302606666666667,6.110706666666666,5.645356666666666
4.66545666666667,5.11440666666667,,4.386656666666667,,,3.682994166666667,,,,,,4.326181666666667,6.141456666666667,5.681231666666666
4.68800666666667,5.14361916666667,,4.494281666666667,,,3.708106666666666,,,,,,4.3579566666666665,6.171181666666667,5.714031666666667
4.71158166666667,5.17488166666667,,4.530156666666667,,,3.731681666666667,,,,,,4.392806666666667,6.205006666666667,5.740681666666667
4.73310666666667,5.20563166666667,,4.559881666666667,,,3.7521816666666665,,,,,,4.418431666666667,6.242931666666666,5.762206666666667
4.76078166666667,5.22920666666667,,4.583456666666667,,,3.7767816666666665,,,,,,4.451231666666667,6.285981666666666,5.786806666666667
4.77923166666667,5.26098166666667,,4.613181666666667,,,3.7983066666666665,,,,,,4.475831666666667,6.322369166666666,5.8144816666666665
4.79973166666667,5.28763166666667,,4.6418816666666665,,,3.8229066666666665,,,,,,4.498381666666667,6.3556816666666665,5.842156666666666
4.82228166666667,5.31838166666667,,4.666481666666667,,,3.8536566666666654,,,,,,4.526056666666666,6.391556666666666,5.871881666666667
4.84893166666667,5.35323166666667,,4.690056666666667,,,3.881331666666666,,,,,,4.5496316666666665,6.431531666666666,5.894431666666667
4.87506916666667,5.38193166666667,,4.710556666666666,,,3.9172066666666665,,,,,,4.581406666666667,6.462281666666667,5.921081666666667
4.90479416666667,5.40653166666667,,4.734131666666666,,,3.9418066666666665,,,,,,4.603956666666667,6.495081666666667,5.944409906902825
4.95553166666667,5.43830666666667,,4.759756666666667,,,3.9684566666666665,,,,,,4.633681666666667,6.522756666666667,5.96645961802693
4.98115666666667,5.47418166666667,,4.782306666666667,,,3.997156666666666,,,,,,4.659306666666667,6.550431666666666,6.2173066666666665
5.00370666666667,5.50441916666667,,4.805881666666667,,,4.025856666666667,,,,,,4.693131666666667,6.580156666666666,6.260833080199908
5.03035666666667,5.53773166666667,,4.829456666666666,,,4.052506666666667,,,,,,4.7443816666666665,6.609881666666666,6.278763206943624
5.05393166666667,5.56745666666667,,4.854056666666667,,,4.077106666666666,,,,,,4.773081666666666,,6.298281666666667
5.08365666666667,5.59718166666667,,4.891981666666666,,,4.0970941666666665,,,,,,4.802806666666666,,6.319806666666667
5.10620666666667,5.62485666666667,,4.913506666666667,,,4.116056666666666,,,,,,4.819206666666667,,6.3392816666666665
5.13388166666667,5.65663166666667,,4.935031666666666,,,4.136556666666666,,,,,,4.847906666666667,,6.358756666666666
5.15950666666667,5.68840666666667,,4.959631666666667,,,4.161156666666667,,,,,,4.882756666666666,,6.378231666666666
5.18308166666667,5.72428166666667,,4.9955066666666665,,,4.188831666666666,,,,,,4.953481666666667,,6.393606666666667
5.20358166666667,5.75605666666667,,5.017031666666667,,,4.214456666666667,,,,,,4.984231666666667,,6.406931666666667
5.22305666666667,5.78578166666667,,5.045731666666667,,,4.237006666666667,,,,,,5.017031666666667,,6.429481666666667
5.24458166666667,5.81755666666667,,5.070331666666666,,,4.262631666666667,,,,,,5.077506666666666,,6.457156666666666
5.26610666666667,5.84830666666667,,5.100056666666666,,,4.286206666666667,,,,,,5.094931666666667,,6.480731666666666
5.28660666666667,5.88418166666667,,5.123631666666666,,,4.3118316666666665,,,,,,5.119531666666667,,6.5078941666666665
5.30710666666667,5.91698166666667,,5.148231666666667,,,4.335406666666667,,,,,,5.150281666666666,,6.5309566666666665
5.32760666666667,5.95285666666667,,5.178981666666667,,,4.363081666666667,,,,,,5.192306666666667,,6.558631666666667
5.34810666666667,5.98873166666667,,5.2066566666666665,,,4.391781666666667,,,,,,5.221006666666667,,6.578263915827726
5.36655666666667,6.02665666666667,,5.234331666666667,,,4.424581666666667,,,,,,5.2497066666666665,,6.601681666666667
5.38603166666667,6.05638166666667,,5.257906666666667,,,4.4471316666666665,,,,,,5.284556666666667,,6.624231666666667
5.40755666666667,6.08405666666667,,5.280969166666667,,,4.475831666666667,,,,,,5.312862977905745,,6.647806666666667
5.43010666666667,6.11173166666667,,5.300956666666667,,,4.497356666666667,,,,,,5.349131666666667,,6.6684708921314355
5.46700666666667,6.13940666666667,,5.327606666666667,,,4.528106666666667,,,,,,5.382956666666667,,6.692906666666667
5.49570666666667,6.16503166666667,,5.352206666666667,,,4.554756666666667,,,,,,5.415756666666667,,6.7123816666666665
5.51825666666667,6.18963166666667,,5.375781666666667,,,4.580381666666667,,,,,,5.448588868780982,,6.733906666666667
5.54183166666667,6.21218166666667,,5.4014066666666665,,,4.6090816666666665,,,,,,5.485129408851487,,6.775931666666667
5.56233166666667,6.23370666666667,,5.427031666666666,,,4.637781666666666,,,,,,5.508576255396728,,6.793356666666667
5.57873166666667,6.25523166666667,,5.451631666666667,,,4.666481666666667,,,,,,5.539781666666666,,6.811806666666667
5.59718166666667,6.27983166666667,,5.481356666666667,,,4.693131666666667,,,,,,5.575656666666666,,6.834356666666666
5.61665666666667,6.30210700448029,,5.506981666666666,,,4.725931666666667,,,,,,5.597643821818582,,6.854305402962134
5.63715666666667,6.32319395915238,,5.535681666666667,,,4.7607816666666665,,,,,,5.629981666666667,,6.875760092445187
5.66329416666667,6.34850666666667,,5.556181666666667,,,4.788456666666667,,,,,,5.6525316666666665,,6.893806666666666
5.68789416666667,6.37413166666667,,5.585906666666666,,,4.814081666666667,,,,,,5.683281666666667,,6.914306666666667
5.71300666666667,6.40180666666667,,5.607431666666667,,,4.838681666666667,,,,,,5.708906666666667,,6.937881666666667
5.73863166666667,6.43255666666667,,5.631006666666667,,,4.8632816666666665,,,,,,5.740681666666666,,6.956331666666666
5.76425666666667,6.46433166666667,,5.650481666666667,,,4.883781666666667,,,,,,5.763179002304839,,6.977856666666667
5.79193166666667,6.49200666666667,,5.670981666666667,,,4.9063316666666665,,,,,,5.785808822293988,,6.9963066666666665
5.81755666666667,6.51763166666667,,5.690456666666667,,,4.930931666666667,,,,,,5.8084386422831376,,7.016806666666667
5.84830666666667,6.54633166666667,,5.716081666666667,,,4.954506666666667,,,,,,5.860770101008046,,7.034231666666667
5.87905666666667,6.57349416666667,,5.737606666666666,,,4.986281666666667,,,,,,5.884612232782328,,7.062931666666667
5.90775666666667,6.60475666666667,,5.768356666666667,,,5.019081666666667,,,,,,5.908781666666667,,7.081381666666666
5.93440666666667,6.63038166666667,,5.795006666666667,,,5.067256666666666,,,,,,6.188606666666667,,7.1121316666666665
5.96208166666667,6.66215666666667,,5.826781666666666,,,5.092881666666667,,,,,,6.207895375484465,,7.127506666666667
5.98770666666667,6.68880666666667,,5.856506666666666,,,5.116456666666667,,,,,,6.235756666666667,,7.1582566666666665
6.01743166666667,6.72058166666667,,5.899556666666666,,,5.145156666666667,,,,,,6.260356666666667,,7.183881666666666
6.04305666666667,6.74671916666667,,5.928256666666667,,,5.177956666666667,,,,,,6.2834628100910885,,7.209506666666667
6.06868166666667,6.77695666666667,,5.955931666666666,,,5.211781666666667,,,,,,6.313656666666667,,7.228981666666667
6.09174416666667,6.80463166666667,,5.9959066666666665,,,5.239756335399397,,,,,,6.338256666666667,,7.246406666666667
6.11788166666667,6.83640666666667,,6.026656666666667,,,5.265081666666667,,,,,,6.379256666666667,,7.272031666666667
6.14555666666667,6.86818166666667,,6.057406666666667,,,5.2825066666666665,,,,,,6.407956666666667,,7.2935566666666665
6.17015666666667,6.89483166666667,,6.096356666666667,,,5.301981666666666,,,,,,6.443831666666667,,7.344294166666666
6.18758166666667,6.92250666666667,,6.123006666666667,,,5.3224816666666666,,,,,,6.467406666666666,,7.368381666666667
6.21031774165928,7.04243166666667,,6.154781666666667,,,5.350156666666667,,,,,,6.496106666666667,,7.404256666666667
6.23299579798085,7.05985666666667,,6.178805694071335,,,5.374756666666666,,,,,,6.526856666666666,,7.442694166666667
6.25420666666667,7.07933166666667,,6.206031666666667,,,5.403456666666667,,,,,,6.554531666666667,,7.477031666666667
6.27675666666667,7.09931916666667,,6.2337066666666665,,,5.426006666666667,,,,,,6.581181666666667,,7.5149566666666665
6.29930666666667,7.11879416666667,,6.261381666666667,,,5.453681666666666,,,,,,,,7.548781666666667
6.3194036537234,7.13980666666667,,6.291230721054784,,,5.476231666666667,,,,,,,,7.593881666666666
6.34473740761494,7.16030666666667,,6.323906666666667,,,5.500831666666667,,,,,,,,7.630781666666667
6.35978166666667,7.18285666666667,,6.349531666666667,,,5.527994166666667,,,,,,,,7.659481666666666
6.37823166666667,7.20848166666667,,6.3854066666666665,,,5.572581666666666,,,,,,,,7.688181666666667
6.39873166666667,7.23410666666667,,6.413081666666667,,,5.615631666666666,,,,,,,,7.715856666666666
6.42230666666667,7.26383166666667,,6.438194166666666,,,5.645356666666666,,,,,,,,7.742506666666666
6.45151603971979,7.28945666666667,,6.468431666666667,,,5.674056666666667,,,,,,,,7.773256666666667
6.47970666666667,7.31610666666667,,6.492006666666667,,,5.719156666666667,,,,,,,,7.793756666666667
6.50071795843477,7.34480666666667,,6.5176316666666665,,,5.761694166666667,,,,,,,,7.819381666666667
6.54491830421264,7.36956284504305,,6.541206666666667,,,5.797056666666666,,,,,,,,7.839881666666667
6.55965666666667,7.39406930587818,,6.564781666666667,,,5.828831666666667,,,,,,,,7.868581666666667
6.57426582574029,7.41758166666667,,6.5904066666666665,,,5.861631666666667,,,,,,,,7.889081666666667
6.60885666666667,7.44628166666667,,6.6201316666666665,,,5.889306666666666,,,,,,,,7.907531666666666
6.63960666666667,7.47190666666667,,6.658569166666666,,,5.919031666666666,,,,,,,,7.928031666666667
6.65908166666667,7.50060666666667,,6.699056666666666,,,5.945681666666666,,,,,,,,7.956731666666666
6.67958166666667,7.52930666666667,,6.732881666666667,,,5.968156046496183,,,,,,,,7.983017332295186
6.69905666666667,7.55390666666667,,6.774906666666666,,,5.988408441856556,,,,,,,,8.083831666666667
6.73800666666667,7.57953166666667,,6.805656666666667,,,6.015381666666666,,,,,,,,8.1059293048535
6.75645666666667,7.60413166666667,,6.838456666666667,,,6.033375624775349,,,,,,,,8.142256666666666
6.78105666666667,7.62565666666667,,6.875356666666667,,,6.05088193262923,,,,,,,,8.161731666666666
6.80668166666667,7.64820666666667,,6.913281666666666,,,6.193678482966772,,,,,,,,8.190431666666667
6.83640666666667,7.66870666666667,,6.949156666666667,,,6.214960661142079,,,,,,,,8.211956666666667
6.86203166666667,7.69228166666667,,6.973756666666667,,,6.230750664304402,,,,,,,,8.236785320518882
6.88663166666667,7.71585666666667,,6.999381666666666,,,6.248256972158284,,,,,,,,8.277556666666667
6.90815666666667,7.74148166666667,,7.034231666666667,,,6.267479584703722,,,,,,,,8.300106666666666
6.93224416666667,7.76505666666667,,7.061906666666667,,,6.290478067570586,,,,,,,,8.324706666666666
6.95735666666667,7.79273166666667,,7.087531666666667,,,6.307506666666667,,,,,,,,8.345206666666666
6.98400666666667,7.81528166666667,,7.122381666666667,,,6.3259566666666665,,,,,,,,8.366731666666666
7.00860666666667,7.83783166666667,,7.161331666666666,,,6.342356666666666,,,,,,,,8.386206666666666
7.04653166666667,7.86345666666667,,7.190544166666667,,,6.364906666666666,,,,,,,,8.419006666666666
7.07010666666667,7.88703166666667,,7.221806666666667,,,6.388481666666666,,,,,,,,8.441556666666667
7.09163166666667,8.01208166666667,,7.252556666666667,,,6.414106666666667,,,,,,,,8.465131666666666
7.11520666666667,8.03885012071865,,7.282281666666667,,,6.438706666666667,,,,,,,,8.487681666666667
7.13878166666667,8.06025666666667,,7.306881666666667,,,6.462281666666667,,,,,,,,8.514331666666667
7.16440666666667,8.07973166666667,,7.332506666666666,,,6.486881666666667,,,,,,,,8.532781666666667
7.18798166666667,8.10559926136942,,7.360181666666667,,,6.511481666666667,,,,,,,,8.558406666666666
7.21463166666667,8.12688166666667,,7.389906666666667,,,6.533006666666667,,,,,,,,8.576856666666666
7.23871916666667,8.15225188655545,,7.416556666666667,,,6.555556666666667,,,,,,,,8.597219546282023
7.26229416666667,8.17608166666667,,7.441156666666667,,,6.580156666666666,,,,,,,,8.615578851591414
7.29355666666667,8.19760666666667,,7.465756666666667,,,6.609881666666666,,,,,,,,8.634256666666667
7.32635666666667,8.22425666666667,,7.493431666666666,,,6.635506666666667,,,,,,,,8.648606666666666
7.35505666666667,8.24885666666667,,7.519056666666667,,,6.663181666666667,,,,,,,,8.662669277547314
7.38068166666667,8.27243166666667,,7.548781666666667,,,6.690856666666667,,,,,,,,8.688300775219513
7.40938166666667,8.29293166666667,,7.574406666666666,,,6.717506666666667,,,,,,,,8.699856666666667
7.43500666666667,8.31445666666667,,7.597981666666667,,,6.741081666666667,,,,,,,,8.712156666666667
7.46370666666667,8.33598166666667,,7.621556666666667,,,6.764656666666666,,,,,,,,8.728556666666666
7.49035666666667,8.3589589027643,,7.645131666666667,,,6.7851566666666665,,,,,,,,8.743259474879437
7.51803166666667,8.37903166666667,,7.665631666666667,,,6.807706666666666,,,,,,,,8.757565427068572
7.54468166666667,8.39953166666667,,7.683056666666666,,,6.8312816666666665,,,,,,,,8.771513730452979
7.57338166666667,8.42413166666667,,7.701506666666667,,,6.849731666666667,,,,,,,,8.790056666666667
7.59798166666667,8.45180666666667,,7.720981666666667,,,6.873335140823339,,,,,,,,8.806456666666667
7.62360666666667,8.47743166666667,,7.739431666666666,,,6.892557753368777,,,,,,,,8.826233997576418
7.65281916666667,8.50510666666667,,7.7594873415757935,,,6.910206666666666,,,,,,,,8.855656666666667
7.68305666666667,8.53175666666667,,7.834744949036705,,,6.931689500336277,,,,,,,,8.875644166666667
7.70560666666667,8.55943166666667,,7.862431666666667,,,6.952628417573272,,,,,,,,8.906394166666665
7.73123166666667,8.59428166666667,,7.886006666666667,,,6.96944820355053,,,,,,,,8.931506666666667
7.75736916666667,8.63323166666667,,7.931106666666666,,,6.989700598910903,,,,,,,,8.961231666666666
7.78555666666667,8.66193166666667,,7.961856666666667,,,7.056293220943314,,,,,,,,8.984806666666667
7.81528166666667,8.69678166666667,,7.984406666666667,,,7.072156666666666,,,,,,,,9.017606666666667
7.84500666666667,8.72445666666667,,8.020281666666667,,,7.090606666666667,,,,,,,,9.036056666666667
7.87985666666667,8.75418166666667,,8.043856666666667,,,7.111106666666666,,,,,,,,9.053481666666666
7.90445666666667,8.77980666666667,,8.074606666666666,,,7.130581666666667,,,,,,,,9.071931666666666
7.92803166666667,8.80338166666667,,8.099206666666667,,,7.159281666666667,,,,,,,,9.093456666666667
7.95263166666667,8.83413166666667,,8.128931666666666,,,7.180806666666666,,,,,,,,9.148806666666667
7.97825666666667,8.85975666666667,,8.158656666666667,,,7.200281666666666,,,,,,,,9.167256666666667
8.00388166666667,8.88948166666667,,8.188381666666666,,,7.219756666666667,,,,,,,,9.188781666666667
8.02643166666667,9.10780666666667,,8.219131666666666,,,7.239231666666667,,,,,,,,9.208256666666667
8.04795666666667,9.13445666666667,,8.246806666666666,,,7.259731666666666,,,,,,,,9.225681666666667
8.07255666666667,9.16110666666667,,8.279094166666667,,,7.280231666666666,,,,,,,,9.246181666666667
8.09408166666667,9.19185666666667,,8.308306666666667,,,7.304831666666667,,,,,,,,9.264234567100415
8.11560666666667,9.22363166666667,,8.337006666666667,,,7.324306666666667,,,,,,,,9.524981666666667
8.13508166666667,9.24925666666667,,,,,7.354031666666667,,,,,,,,9.547531666666666
8.15660666666667,9.27488166666667,,,,,7.371456666666667,,,,,,,,9.564444166666668
8.17813166666667,9.30050666666667,,,,,7.388913070167058,,,,,,,,9.589556666666667
8.19863166666667,9.32203166666667,,,,,7.408478943650808,,,,,,,,9.611081666666667
8.21605666666667,9.34868166666667,,,,,7.423731666666667,,,,,,,,9.635681666666667
8.23655666666667,9.36918166666667,,,,,7.442805037481947,,,,,,,,9.670531666666667
8.53790666666667,9.39173166666667,,,,,7.462681666666667,,,,,,,,9.698206666666668
8.55738166666667,9.41325666666667,,,,,7.485231666666666,,,,,,,,9.734081666666667
8.58710666666667,9.43683166666667,,,,,7.502656666666667,,,,,,,,9.772006666666666
8.60872199918522,9.45835666666667,,,,,7.533406666666666,,,,,,,,9.805831666666666
8.63169416666667,9.47885666666667,,,,,7.558006666666666,,,,,,,,9.840681666666667
8.65578166666667,9.50140666666667,,,,,7.581581666666667,,,,,,,,9.863231666666668
8.68653166666667,9.52395666666667,,,,,7.603106666666666,,,,,,,,9.893981666666667
8.71010666666667,9.54548166666667,,,,,7.625656666666667,,,,,,,,9.928831666666667
8.73675666666667,9.56598166666667,,,,,7.654356666666667,,,,,,,,9.953431666666667
8.76238166666667,9.58955666666667,,,,,7.679981666666666,,,,,,,,9.978031666666666
8.79005666666667,9.61108166666667,,,,,7.706631666666666,,,,,,,,10.000581666666667
8.81773166666667,9.63568166666667,,,,,7.731231666666667,,,,,,,,10.030306666666666
8.84848166666667,9.65925666666667,,,,,7.767106666666667,,,,,,,,10.057981666666667
8.87718166666667,9.69000666666667,,,,,7.788631666666666,,,,,,,,10.085656666666667
8.90793166666667,9.71768166666667,,,,,7.812206666666666,,,,,,,,10.428006666666667
8.93765666666667,9.74125666666667,,,,,7.835781666666667,,,,,,,,10.448506666666667
8.96533166666667,9.76380666666667,,,,,7.870631666666666,,,,,,,,10.472081666666666
8.98890666666667,9.79250666666667,,,,,7.890106666666667,,,,,,,,10.493606666666667
9.01350666666667,9.82018166666667,,,,,7.911631666666667,,,,,,,,10.515131666666667
9.03503166666667,9.84888166666667,,,,,7.934181666666666,,,,,,,,10.537681666666666
9.05963166666667,9.87450666666667,,,,,7.969031666666667,,,,,,,,10.580731666666667
9.07961916666667,9.91089416666667,,,,,7.989531666666666,,,,,,,,10.639156666666667
9.10524416666666,9.93805666666667,,,,,8.005931666666667,,,,,,,,10.655556666666667
9.12830666666667,9.95855666666667,,,,,8.024381666666667,,,,,,,,10.674006666666667
9.15598166666667,9.98418166666667,,,,,8.039756666666667,,,,,,,,10.690406666666666
9.18160666666667,10.0108316666667,,,,,8.058206666666667,,,,,,,,10.707831666666667
9.21133166666667,10.0518316666667,,,,,8.076656666666667,,,,,,,,10.729169822664897
9.24105666666667,10.0877066666667,,,,,8.095106666666666,,,,,,,,10.744643123266034
9.26873166666667,10.1174316666667,,,,,8.119706666666668,,,,,,,,10.766256666666667
9.30255666666667,10.1440816666667,,,,,8.141231666666666,,,,,,,,10.781631666666666
9.34253166666667,10.1697066666667,,,,,8.169931666666667,,,,,,,,10.804181666666667
9.37174416666667,10.1953316666667,,,,,8.190431666666667,,,,,,,,10.822432394047706
9.40659416666667,10.2230066666667,,,,,8.214006666666666,,,,,,,,10.844156666666667
9.44298166666667,10.2465816666667,,,,,8.237581666666667,,,,,,,,10.864656666666667
9.46963166666667,10.2681066666667,,,,,8.264231666666667,,,,,,,,10.939481666666667
9.49423166666667,10.2896316666667,,,,,8.296006666666667,,,,,,,,10.955881666666667
9.52498166666667,10.3091066666667,,,,,8.326756666666666,,,,,,,,10.974331666666666
9.54855666666667,10.3296066666667,,,,,8.351356666666666,,,,,,,,10.996881666666667
9.57520666666667,10.3470316666667,,,,,8.390306666666667,,,,,,,,11.017381666666667
9.60083166666667,10.3654816666667,,,,,8.416956666666668,,,,,,,,11.043006666666667
9.62645666666667,10.3849566666667,,,,,8.441556666666667,,,,,,,,11.064531666666667
9.65105666666667,10.4042995616235,,,,,8.462056666666667,,,,,,,,11.094256666666666
9.67258166666667,10.4259566666667,,,,,8.479481666666667,,,,,,,,11.112706666666666
9.69205666666667,10.4454316666667,,,,,8.507156666666667,,,,,,,,11.136281666666667
9.71153166666667,10.4720816666667,,,,,8.527656666666667,,,,,,,,11.155756666666667
9.73203166666667,10.4956566666667,,,,,8.553940694795939,,,,,,,,11.173414201672399
9.75253166666667,10.5264066666667,,,,,8.581981666666668,,,,,,,,11.18736553827998
9.77405666666667,10.5540816666667,,,,,8.608631666666666,,,,,,,,11.218058478816662
9.79558166666667,10.5786816666667,,,,,8.636306666666666,,,,,,,,11.255181666666667
9.82223166666667,10.6114816666667,,,,,8.665006666666667,,,,,,,,11.280806666666667
9.84170666666667,10.6391566666667,,,,,8.697806666666667,,,,,,,,11.328981666666667
9.86938166666667,10.6678566666667,,,,,8.732656666666667,,,,,,,,11.351531666666666
9.89295666666667,10.7047566666667,,,,,8.758281666666667,,,,,,,,11.373056666666667
9.91858166666667,10.7375566666667,,,,,8.784931666666667,,,,,,,,11.392531666666667
9.94113166666667,10.7683066666667,,,,,8.812606666666667,,,,,,,,11.407906666666667
9.96573166666667,10.7980316666667,,,,,8.831056666666667,,,,,,,,11.427381666666667
9.99443166666667,10.8216066666667,,,,,8.855656666666667,,,,,,,,11.442756666666666
10.0169816666667,10.8472316666667,,,,,8.879231666666668,,,,,,,,11.463256666666666
10.0415816666667,10.8749066666667,,,,,8.905881666666666,,,,,,,,11.478631666666667
10.0723316666667,10.9169316666667,,,,,8.928431666666667,,,,,,,,11.495031666666666
10.1000066666667,10.9487066666667,,,,,8.949956666666667,,,,,,,,11.514506666666666
10.1307566666667,10.9784316666667,,,,,8.969431666666667,,,,,,,,11.529881666666666
10.1604816666667,11.0091816666667,,,,,8.996081666666667,,,,,,,,11.548331666666666
10.1953316666667,11.0460816666667,,,,,9.021706666666669,,,,,,,,11.564731666666667
10.2291566666667,11.0819566666667,,,,,9.049381666666669,,,,,,,,11.582156666666666
10.2629816666667,11.1116816666667,,,,,9.077569166666668,,,,,,,,11.598556666666667
10.2896316666667,11.1424316666667,,,,,9.102681666666667,,,,,,,,11.613931666666666
10.3234566666667,11.1670316666667,,,,,9.133431666666668,,,,,,,,11.630331666666667
10.3511316666667,11.1957316666667,,,,,9.161619166666668,,,,,,,,11.649806666666667
10.3798316666667,11.2264816666667,,,,,9.186731666666669,,,,,,,,11.667231666666666
10.4116066666667,11.2505956609924,,,,,9.214406666666669,,,,,,,,11.683631666666667
10.4382566666667,11.2951566666667,,,,,9.236956666666666,,,,,,,,11.700031666666666
10.4628566666667,11.5524316666667,,,,,9.264119166666667,,,,,,,,11.717178115147322
10.4915566666667,11.5790816666667,,,,,9.285131666666668,,,,,,,,11.766656666666666
10.5192316666667,11.604333552351,,,,,9.308706666666666,,,,,,,,11.785074619970889
10.5448566666667,11.6287941666667,,,,,9.334331666666667,,,,,,,,11.807143097877427
10.5745816666667,11.6559566666667,,,,,9.358931666666669,,,,,,,,11.829181666666667
10.6068691666667,11.6795316666667,,,,,9.381481666666666,,,,,,,,11.848656666666667
10.6386441666667,11.7020816666667,,,,,,,,,,,,,11.966531666666667
10.6668316666667,11.7256566666667,,,,,,,,,,,,,11.987918598889616
10.6996316666667,11.7543566666667,,,,,,,,,,,,,12.01049439812734
10.7303816666667,11.7871566666667,,,,,,,,,,,,,12.034181666666667
10.7626691666667,11.8148316666667,,,,,,,,,,,,,12.054681666666667
10.7908566666667,11.8527566666667,,,,,,,,,,,,,12.077231666666666
10.8195566666667,11.8876066666667,,,,,,,,,,,,,12.107981666666667
10.8482566666667,11.9327066666667,,,,,,,,,,,,,12.135295445598805
10.8718316666667,11.9634566666667,,,,,,,,,,,,,12.169481666666666
10.8954066666667,11.9993316666667,,,,,,,,,,,,,12.204331666666667
10.9179566666667,12.0290566666667,,,,,,,,,,,,,12.234056666666667
10.9425566666667,12.0505816666667,,,,,,,,,,,,,12.257631666666667
10.9671566666667,12.0782566666667,,,,,,,,,,,,,12.278131666666667
10.9917566666667,12.1110566666667,,,,,,,,,,,,,12.340656666666666
11.0132816666667,12.1428316666667,,,,,,,,,,,,,12.366281666666668
11.0327566666667,12.1679441666667,,,,,,,,,,,,,12.400619166666665
11.0522316666667,12.1940816666667,,,,,,,,,,,,,12.435981666666667
11.0706816666667,12.2207316666667,,,,,,,,,,,,,12.460581666666666
11.0911816666667,12.2545566666667,,,,,,,,,,,,,12.495431666666667
11.1147566666667,12.2832566666667,,,,,,,,,,,,,12.526181666666666
11.1393566666667,12.3099066666667,,,,,,,,,,,,,12.568206666666667
11.1598566666667,12.3396316666667,,,,,,,,,,,,,12.606131666666666
11.1834316666667,12.3734566666667,,,,,,,,,,,,,12.629706666666667
11.2059816666667,12.4036941666667,,,,,,,,,,,,,12.657381666666666
11.2305816666667,12.4293191666667,,,,,,,,,,,,,12.692231666666666
11.2551816666667,12.4528941666667,,,,,,,,,,,,,12.717856666666666
11.2746566666667,12.4795441666667,,,,,,,,,,,,,12.755781666666667
11.2920816666667,12.5026066666667,,,,,,,,,,,,,12.779356666666667
11.3351316666667,12.5266941666667,,,,,,,,,,,,,12.807031666666667
11.3566566666667,12.5507816666667,,,,,,,,,,,,,12.827531666666667
11.3802316666667,12.5702566666667,,,,,,,,,,,,,12.853156666666667
11.4017566666667,12.5866566666667,,,,,,,,,,,,,12.874681666666667
11.4253316666667,12.6040816666667,,,,,,,,,,,,,12.898256666666667
11.4478816666667,12.6215066666667,,,,,,,,,,,,,12.921831666666666
11.4765816666667,12.6389316666667,,,,,,,,,,,,,12.946431666666667
11.5032316666667,12.6594316666667,,,,,,,,,,,,,12.965906666666667
11.5339816666667,12.6830066666667,,,,,,,,,,,,,12.986406666666667
11.5596066666667,12.7004316666667,,,,,,,,,,,,,13.002806666666666
11.5893316666667,12.7147816666667,,,,,,,,,,,,,13.020231666666668
11.6293066666667,12.7270816666667,,,,,,,,,,,,,13.035606666666666
11.6518566666667,12.7393816666667,,,,,,,,,,,,,13.053031666666667
11.6795316666667,12.7506566666667,,,,,,,,,,,,,13.068406666666666
11.7031066666667,12.7711566666667,,,,,,,,,,,,,13.088906666666666
11.7287316666667,12.7896066666667,,,,,,,,,,,,,13.108381666666666
11.7543566666667,12.8101066666667,,,,,,,,,,,,,13.259056666666666
11.7794691666667,12.8306066666667,,,,,,,,,,,,,13.308256666666667
11.8015066666667,12.8562316666667,,,,,,,,,,,,,13.334906666666667
11.8250816666667,12.8746816666667,,,,,,,,,,,,,13.371806666666666
11.8476316666667,12.8869816666667,,,,,,,,,,,,,13.398456666666666
11.8681316666667,12.8992816666667,,,,,,,,,,,,,13.423056666666668
11.8896566666667,12.9115816666667,,,,,,,,,,,,,13.449706666666666
11.9111816666667,12.9279816666667,,,,,,,,,,,,,13.476356666666666
11.9332191666667,12.9556566666667,,,,,,,,,,,,,13.504544166666665
11.9526941666667,12.9782066666667,,,,,,,,,,,,,13.533756666666667
11.9747316666667,13.0007566666667,,,,,,,,,,,,,13.567581666666667
11.9972816666667,13.0233066666667,,,,,,,,,,,,,13.627031666666667
12.0270066666667,13.0397066666667,,,,,,,,,,,,,13.653681666666667
12.0577566666667,13.0612316666667,,,,,,,,,,,,,13.678281666666667
12.0844066666667,13.0817316666667,,,,,,,,,,,,,13.704931666666667
12.1141316666667,13.1032566666667,,,,,,,,,,,,,13.726969166666667
12.1418066666667,13.1278566666667,,,,,,,,,,,,,13.747981666666666
12.1684566666667,13.1545066666667,,,,,,,,,,,,,13.770531666666667
12.1920316666667,13.1842316666667,,,,,,,,,,,,,13.787956666666666
12.2176566666667,13.2160066666667,,,,,,,,,,,,,13.804356666666667
12.2412316666667,13.2477816666667,,,,,,,,,,,,,13.820756666666666
12.2730066666667,13.2744316666667,,,,,,,,,,,,,13.839206666666668
12.3006816666667,13.3000566666667,,,,,,,,,,,,,13.853556666666666
12.3324566666667,13.3287566666667,,,,,,,,,,,,,13.872968215659405
12.3580816666667,13.3697566666667,,,,,,,,,,,,,13.89240747692862
12.3908816666667,13.4005066666667,,,,,,,,,,,,,13.909880970204318
12.4185566666667,13.4261316666667,,,,,,,,,,,,,13.92648078881623
12.4462316666667,13.4527816666667,,,,,,,,,,,,,13.948881666666667
12.4646816666667,13.4784066666667,,,,,,,,,,,,,13.969381666666667
12.4872316666667,13.4989066666667,,,,,,,,,,,,,13.993981666666667
12.5118316666667,13.5204316666667,,,,,,,,,,,,,14.023706666666667
12.5374566666667,13.5414441666667,,,,,,,,,,,,,14.042461100433677
12.5651316666667,13.5624566666667,,,,,,,,,,,,,14.074956666666667
12.5887066666667,13.5809066666667,,,,,,,,,,,,,14.103656666666666
12.6112566666667,13.6042546913356,,,,,,,,,,,,,14.139002150781911
12.6338066666667,13.6198566666667,,,,,,,,,,,,,14.1642295066987
12.6584066666667,13.7828316666667,,,,,,,,,,,,,14.200006666666667
12.6809566666667,13.8094816666667,,,,,,,,,,,,,14.226656666666667
12.7024816666667,13.8361316666667,,,,,,,,,,,,,14.257385067724766
12.7199066666667,13.8576566666667,,,,,,,,,,,,,14.285081666666667
12.7383566666667,13.8822566666667,,,,,,,,,,,,,14.311731666666667
12.7568066666667,13.9058316666667,,,,,,,,,,,,,14.342677556776767
12.7773066666667,13.9345316666667,,,,,,,,,,,,,14.377331666666667
12.7954233806131,13.9591316666667,,,,,,,,,,,,,14.592581666666666
12.8148797492925,13.9857816666667,,,,,,,,,,,,,14.612056666666666
12.8490566666667,14.0093566666667,,,,,,,,,,,,,14.638706666666666
12.8675066666667,14.0344691666667,,,,,,,,,,,,,14.676631666666667
12.8869816666667,14.0595816666667,,,,,,,,,,,,,14.719681666666666
12.9105566666667,14.0821316666667,,,,,,,,,,,,,14.748381666666667
12.9464316666667,14.1087816666667,,,,,,,,,,,,,14.783231666666667
12.9669316666667,14.1354316666667,,,,,,,,,,,,,14.816031666666667
12.9874316666667,14.1651566666667,,,,,,,,,,,,,14.845411808451951
13.0079756922827,14.1938566666667,,,,,,,,,,,,,14.870356666666666
13.0263816666667,14.2215316666667,,,,,,,,,,,,,14.894956666666667
13.0499566666667,14.2563816666667,,,,,,,,,,,,,14.919556666666667
13.0711849457442,14.2835441666667,,,,,,,,,,,,,14.943131666666666
13.0919816666667,14.3117316666667,,,,,,,,,,,,,14.965681666666667
13.1124816666667,14.3378691666667,,,,,,,,,,,,,14.987206666666667
13.1360566666667,14.3609316666667,,,,,,,,,,,,,15.010781666666666
13.1596316666667,14.3845066666667,,,,,,,,,,,,,15.040506666666667
13.1842316666667,14.4070566666667,,,,,,,,,,,,,15.088681666666666
13.2139566666667,14.4275566666667,,,,,,,,,,,,,15.125581666666667
13.2426566666667,14.4480566666667,,,,,,,,,,,,,15.152231666666667
13.2795566666667,14.4665066666667,,,,,,,,,,,,,15.192206666666667
13.3092816666667,14.4849566666667,,,,,,,,,,,,,15.221496108674565
13.3390066666667,14.5023816666667,,,,,,,,,,,,,15.244018267338086
13.3677066666667,14.5187816666667,,,,,,,,,,,,,15.273181666666666
13.4035816666667,14.5397616144394,,,,,,,,,,,,,15.311106666666667
13.5255566666667,14.5567066666667,,,,,,,,,,,,,15.337756666666667
13.5470816666667,14.5751566666667,,,,,,,,,,,,,15.368506666666667
13.5675816666667,14.5956566666667,,,,,,,,,,,,,15.484331666666666
13.5875691666667,14.6161566666667,,,,,,,,,,,,,15.519181666666666
13.6111441666667,14.6397316666667,,,,,,,,,,,,,15.565306666666666
13.6306191666667,14.6643316666667,,,,,,,,,,,,,15.595031666666667
13.6536816666667,14.6827816666667,,,,,,,,,,,,,15.625781666666667
13.6752066666667,14.7063566666667,,,,,,,,,,,,,15.801056666666666
13.7008316666667,14.7258316666667,,,,,,,,,,,,,15.865631666666667
13.7233816666667,14.7514566666667,,,,,,,,,,,,,15.893306666666666
13.7490066666667,14.7760566666667,,,,,,,,,,,,,15.922006666666666
13.7756566666667,14.7975816666667,,,,,,,,,,,,,15.954806666666666
13.8089691666667,14.8232066666667,,,,,,,,,,,,,15.992731666666666
13.8320316666667,14.8549816666667,,,,,,,,,,,,,16.019381666666668
13.8571441666667,14.8847066666667,,,,,,,,,,,,,16.038856666666668
13.8837941666667,14.9057191666667,,,,,,,,,,,,,16.058331666666668
13.9160816666667,14.9339066666667,,,,,,,,,,,,,16.082931666666667
13.9468316666667,14.9626066666667,,,,,,,,,,,,,16.100356666666666
13.9827066666667,14.9933566666667,,,,,,,,,,,,,16.116756666666667
14.0114066666667,15.0282066666667,,,,,,,,,,,,,16.132131666666666
14.0421566666667,15.0651066666667,,,,,,,,,,,,,16.149556666666665
14.0718816666667,15.0989316666667,,,,,,,,,,,,,16.16698166666667
14.1057066666667,15.1358316666667,,,,,,,,,,,,,16.185431666666666
14.1395316666667,15.1665816666667,,,,,,,,,,,,,16.202856666666666
14.1661816666667,15.1993816666667,,,,,,,,,,,,,16.217206666666666
14.1918066666667,15.2280816666667,,,,,,,,,,,,,16.230531666666668
14.2194816666667,15.2588316666667,,,,,,,,,,,,,16.242831666666667
14.2451066666667,15.2875316666667,,,,,,,,,,,,,16.258206666666666
14.2738066666667,15.3223816666667,,,,,,,,,,,,,16.272556666666667
14.3014816666667,15.3592816666667,,,,,,,,,,,,,16.29049416666667
14.3342816666667,15.3961816666667,,,,,,,,,,,,,16.311506666666666
14.3609316666667,15.4371816666667,,,,,,,,,,,,,16.329956666666668
14.3875816666667,15.4725441666667,,,,,,,,,,,,,16.352608965998098
14.4111566666667,15.5017566666667,,,,,,,,,,,,,16.380181666666665
14.4341543256605,15.5304566666667,,,,,,,,,,,,,16.402731666666668
14.5608066666667,15.5704316666667,,,,,,,,,,,,,16.429381666666664
14.5813066666667,15.6124566666667,,,,,,,,,,,,,16.45090666666667
14.6079566666667,15.6426941666667,,,,,,,,,,,,,16.480631666666667
14.6346066666667,15.6760066666667,,,,,,,,,,,,,16.544181666666667
14.6592066666667,15.7108566666667,,,,,,,,,,,,,16.567756666666668
14.6858566666667,15.7467316666667,,,,,,,,,,,,,16.594406666666668
14.7278816666667,15.7754316666667,,,,,,,,,,,,,16.621444891632514
14.7596566666667,15.8072066666667,,,,,,,,,,,,,16.657956666666667
14.7914316666667,15.8359066666667,,,,,,,,,,,,,16.684606666666667
14.8219859762963,15.8615316666667,,,,,,,,,,,,,16.710231666666665
14.8478066666667,15.8912566666667,,,,,,,,,,,,,16.732781666666668
14.8744566666667,15.9291816666667,,,,,,,,,,,,,16.755331666666667
14.9021316666667,15.9548066666667,,,,,,,,,,,,,16.779931666666666
14.9257066666667,15.9824816666667,,,,,,,,,,,,,16.809656666666665
14.9605566666667,16.0029816666667,,,,,,,,,,,,,16.829131666666665
15.0010441666667,16.0286066666667,,,,,,,,,,,,,16.845531666666666
15.0302566666667,16.5564816666667,,,,,,,,,,,,,16.861931666666667
15.0610066666667,16.5749316666667,,,,,,,,,,,,,16.877306666666666
15.1040566666667,16.5985066666667,,,,,,,,,,,,,16.894731666666665
15.1373691666667,16.6210566666667,,,,,,,,,,,,,16.913181666666667
15.1645316666667,16.6507816666667,,,,,,,,,,,,,16.930606666666666
15.1937441666667,16.6723066666667,,,,,,,,,,,,,16.951106666666668
15.2188566666667,16.6969066666667,,,,,,,,,,,,,16.965456666666668
15.2444816666667,16.7204816666667,,,,,,,,,,,,,16.982881666666668
15.2731816666667,16.7420066666667,,,,,,,,,,,,,17.006456666666665
15.3029066666667,16.7645566666667,,,,,,,,,,,,,17.025419166666666
15.3398066666667,16.7881316666667,,,,,,,,,,,,,17.052581666666665
15.3726066666667,16.8137566666667,,,,,,,,,,,,,17.077181666666668
15.4023316666667,16.8439941666667,,,,,,,,,,,,,17.124331666666667
15.4351316666667,16.8814066666667,,,,,,,,,,,,,17.16430666666667
15.4638316666667,16.9111316666667,,,,,,,,,,,,,17.193006666666665
15.4909941666667,16.9388066666667,,,,,,,,,,,,,17.223756666666667
15.5232816666667,16.9705816666667,,,,,,,,,,,,,17.250406666666667
15.5591566666667,16.9931316666667,,,,,,,,,,,,,17.284231666666667
15.5929816666667,17.0197816666667,,,,,,,,,,,,,17.340606666666666
15.6221941666667,17.0454066666667,,,,,,,,,,,,,17.371356666666667
15.6508941666667,17.0751316666667,,,,,,,,,,,,,17.403131666666667
15.6780566666667,17.1110066666667,,,,,,,,,,,,,17.445156666666666
15.7036816666667,17.1386816666667,,,,,,,,,,,,,17.489231666666665
15.7328941666667,17.1602066666667,,,,,,,,,,,,,17.579431666666668
15.7600566666667,17.1960816666667,,,,,,,,,,,,,17.604031666666668
15.7913191666667,17.2217066666667,,,,,,,,,,,,,17.70550666666667
15.8164316666667,17.2452816666667,,,,,,,,,,,,,17.723956666666666
15.8425691666667,17.2688566666667,,,,,,,,,,,,,17.747531666666667
15.8656316666667,17.2955066666667,,,,,,,,,,,,,17.769056666666668
15.8927316718679,17.3180566666667,,,,,,,,,,,,,17.792631666666665
15.9179066666667,17.3395816666667,,,,,,,,,,,,,17.812106666666665
15.9425066666667,17.3657191666667,,,,,,,,,,,,,17.834656666666667
15.9640316666667,17.3908316666667,,,,,,,,,,,,,17.859256666666667
15.9865816666667,17.4185066666667,,,,,,,,,,,,,17.878731666666667
16.0163066666667,17.4461816666667,,,,,,,,,,,,,
16.0439816666667,17.4810316666667,,,,,,,,,,,,,
16.0706316666667,17.5271566666667,,,,,,,,,,,,,
16.1116316666667,17.5732816666667,,,,,,,,,,,,,
16.1403316666667,17.6091566666667,,,,,,,,,,,,,
16.1751816666667,17.6419566666667,,,,,,,,,,,,,
16.2069566666667,17.6686066666667,,,,,,,,,,,,,
16.2325816666667,17.6983316666667,,,,,,,,,,,,,
16.2561566666667,17.7249816666667,,,,,,,,,,,,,
16.2797316666667,17.7598316666667,,,,,,,,,,,,,
16.3063816666667,17.7946816666667,,,,,,,,,,,,,
16.3340566666667,17.8274816666667,,,,,,,,,,,,,
16.3658316666667,17.8669441666667,,,,,,,,,,,,,
16.4027316666667,17.9094816666667,,,,,,,,,,,,,
16.4355316666667,17.9392066666667,,,,,,,,,,,,,
16.4678191666667,17.9638066666667,,,,,,,,,,,,,
16.5933816666667,17.9914816666667,,,,,,,,,,,,,
16.6323316666667,18.0191566666667,,,,,,,,,,,,,
16.7127941666667,18.0468316666667,,,,,,,,,,,,,
16.7409816666667,18.0714316666667,,,,,,,,,,,,,
16.7655816666667,18.0980816666667,,,,,,,,,,,,,
16.7896691666667,18.1226816666667,,,,,,,,,,,,,
16.8168316666667,18.1472816666667,,,,,,,,,,,,,
16.8445066666667,18.1770066666667,,,,,,,,,,,,,
16.8762816666667,18.2072441666667,,,,,,,,,,,,,
16.9049816666667,18.2446566666667,,,,,,,,,,,,,
16.9357316666667,18.2682316666667,,,,,,,,,,,,,
16.9644316666667,18.2969316666667,,,,,,,,,,,,,
16.9910816666667,18.3220441666667,,,,,,,,,,,,,
17.0356691666667,18.3420316666667,,,,,,,,,,,,,
17.0689816666667,18.3635566666667,,,,,,,,,,,,,
17.1017816666667,18.3963566666667,,,,,,,,,,,,,
17.1274066666667,18.4281316666667,,,,,,,,,,,,,
17.1540566666667,18.4568316666667,,,,,,,,,,,,,
17.1786566666667,18.4875816666667,,,,,,,,,,,,,
17.2023384659474,18.5132066666667,,,,,,,,,,,,,
17.2319566666667,18.5511316666667,,,,,,,,,,,,,
17.2534816666667,18.5818816666667,,,,,,,,,,,,,
17.2811566666667,18.6105816666667,,,,,,,,,,,,,
17.3057566666667,18.6392816666667,,,,,,,,,,,,,
17.3272816666667,18.6618316666667,,,,,,,,,,,,,
17.3529066666667,18.6833566666667,,,,,,,,,,,,,
17.3725905255222,18.7079566666667,,,,,,,,,,,,,
17.3918566666667,18.7294816666667,,,,,,,,,,,,,
17.4103066666667,18.7561316666667,,,,,,,,,,,,,
17.4281765524356,18.7879066666667,,,,,,,,,,,,,
17.4443759088503,18.8125066666667,,,,,,,,,,,,,
17.4599399963861,18.8350566666667,,,,,,,,,,,,,
17.6778316666667,18.8586316666667,,,,,,,,,,,,,
17.6993566666667,18.8873316666667,,,,,,,,,,,,,
17.7229316666667,18.9180816666667,,,,,,,,,,,,,
17.7495816666667,18.9442191666667,,,,,,,,,,,,,
17.7916066666667,18.9724066666667,,,,,,,,,,,,,
17.8121066666667,18.9949566666667,,,,,,,,,,,,,
17.8408066666667,19.0195566666667,,,,,,,,,,,,,
17.8710441666667,19.0421066666667,,,,,,,,,,,,,
17.9012816666667,19.0677316666667,,,,,,,,,,,,,
17.9330566666667,19.0933566666667,,,,,,,,,,,,,
17.9535566666667,19.1179566666667,,,,,,,,,,,,,
17.9802066666667,19.1466566666667,,,,,,,,,,,,,
18.0068566666667,19.1743316666667,,,,,,,,,,,,,
18.0365816666667,19.2102066666667,,,,,,,,,,,,,
18.0755316666667,19.2450566666667,,,,,,,,,,,,,
18.1093566666667,19.2737566666667,,,,,,,,,,,,,
18.1380566666667,19.3116816666667,,,,,,,,,,,,,
18.1667566666667,19.3516566666667,,,,,,,,,,,,,
18.1954566666667,19.3854816666667,,,,,,,,,,,,,
18.2221066666667,19.4172566666667,,,,,,,,,,,,,
18.2477316666667,19.4531316666667,,,,,,,,,,,,,
18.2713066666667,19.4900316666667,,,,,,,,,,,,,
18.2948816666667,19.5207816666667,,,,,,,,,,,,,
18.3174316666667,19.5484566666667,,,,,,,,,,,,,
18.3399816666667,19.5792066666667,,,,,,,,,,,,,
18.3594566666667,19.6089316666667,,,,,,,,,,,,,
18.3820066666667,19.6349087183926,,,,,,,,,,,,,
18.4055816666667,19.6571066666667,,,,,,,,,,,,,
18.4312066666667,19.6817066666667,,,,,,,,,,,,,
18.4527316666667,19.7042566666667,,,,,,,,,,,,,
18.4722066666667,19.7278316666667,,,,,,,,,,,,,
18.4906566666667,19.7473066666667,,,,,,,,,,,,,
18.5080816666667,19.7698566666667,,,,,,,,,,,,,
18.5255066666667,19.7934316666667,,,,,,,,,,,,,
18.5470316666667,19.8159816666667,,,,,,,,,,,,,
18.5659431147428,19.8436566666667,,,,,,,,,,,,,
18.5952066666667,19.8662066666667,,,,,,,,,,,,,
18.6187816666667,19.8949066666667,,,,,,,,,,,,,
18.6413316666667,19.9195066666667,,,,,,,,,,,,,
18.6628566666667,19.9430816666667,,,,,,,,,,,,,
18.6823316666667,19.9656316666667,,,,,,,,,,,,,
18.7047493648066,19.9892066666667,,,,,,,,,,,,,
18.7340941666667,20.0097066666667,,,,,,,,,,,,,
18.7571566666667,20.0322566666667,,,,,,,,,,,,,
18.7858566666667,20.0527566666667,,,,,,,,,,,,,
,20.0717533608993,,,,,,,,,,,,,
,20.0902986523264,,,,,,,,,,,,,
,20.1081066666667,,,,,,,,,,,,,
,20.1275816666667,,,,,,,,,,,,,
,20.1466213892534,,,,,,,,,,,,,
,20.1706615818442,,,,,,,,,,,,,
,20.1885200106259,,,,,,,,,,,,,
,20.2126566666667,,,,,,,,,,,,,
,20.235913533162,,,,,,,,,,,,,
,20.2558325498801,,,,,,,,,,,,,
,20.2844066666667,,,,,,,,,,,,,
,20.3110566666667,,,,,,,,,,,,,
,20.3377066666667,,,,,,,,,,,,,
,20.3561566666667,,,,,,,,,,,,,
,20.374659787543,,,,,,,,,,,,,
,20.4002316666667,,,,,,,,,,,,,
,20.4206795847882,,,,,,,,,,,,,
,20.5068316666667,,,,,,,,,,,,,
,20.5268191666667,,,,,,,,,,,,,
,20.5488566666667,,,,,,,,,,,,,
,20.5703816666667,,,,,,,,,,,,,
,20.5954941666667,,,,,,,,,,,,,
,20.6236816666667,,,,,,,,,,,,,
,20.6493066666667,,,,,,,,,,,,,
,20.6769816666667,,,,,,,,,,,,,
,20.7056816666667,,,,,,,,,,,,,
,20.7343816666667,,,,,,,,,,,,,
,20.7610316666667,,,,,,,,,,,,,
,20.7856316666667,,,,,,,,,,,,,
,20.8143316666667,,,,,,,,,,,,,
,20.8440566666667,,,,,,,,,,,,,
,20.8696816666667,,,,,,,,,,,,,
,20.8942816666667,,,,,,,,,,,,,
,20.9158066666667,,,,,,,,,,,,,
,20.9342566666667,,,,,,,,,,,,,
,20.9527066666667,,,,,,,,,,,,,
,20.9726941666667,,,,,,,,,,,,,
,20.9978066666667,,,,,,,,,,,,,
,21.0244566666667,,,,,,,,,,,,,
,21.0429066666667,,,,,,,,,,,,,
,21.0603316666667,,,,,,,,,,,,,
,21.0869816666667,,,,,,,,,,,,,
,21.1115816666667,,,,,,,,,,,,,
,21.1402816666667,,,,,,,,,,,,,
,21.1669316666667,,,,,,,,,,,,,
,21.1935816666667,,,,,,,,,,,,,
,21.2263816666667,,,,,,,,,,,,,
,21.2550816666667,,,,,,,,,,,,,
,21.2919816666667,,,,,,,,,,,,,
,21.3299066666667,,,,,,,,,,,,,
,21.3647566666667,,,,,,,,,,,,,
,21.3975566666667,,,,,,,,,,,,,
,21.4344566666667,,,,,,,,,,,,,
,21.4641816666667,,,,,,,,,,,,,
,21.4918566666667,,,,,,,,,,,,,
,21.5205566666667,,,,,,,,,,,,,
,21.5431066666667,,,,,,,,,,,,,
,21.5677066666667,,,,,,,,,,,,,
,21.5923066666667,,,,,,,,,,,,,
,21.6169066666667,,,,,,,,,,,,,
,21.6394566666667,,,,,,,,,,,,,
,21.6609816666667,,,,,,,,,,,,,
,21.6845566666667,,,,,,,,,,,,,
,21.7060816666667,,,,,,,,,,,,,
,21.7286316666667,,,,,,,,,,,,,
,21.7501566666667,,,,,,,,,,,,,
,21.7706566666667,,,,,,,,,,,,,
,21.7911566666667,,,,,,,,,,,,,
,21.8126816666667,,,,,,,,,,,,,
,21.8372816666667,,,,,,,,,,,,,
,21.8649566666667,,,,,,,,,,,,,
,21.8916066666667,,,,,,,,,,,,,
,21.9182566666667,,,,,,,,,,,,,
,21.9408066666667,,,,,,,,,,,,,
,21.9684816666667,,,,,,,,,,,,,
,21.9900066666667,,,,,,,,,,,,,
,22.0166566666667,,,,,,,,,,,,,
,22.0389279774701,,,,,,,,,,,,,
,22.0617566666667,,,,,,,,,,,,,
,22.0828871867789,,,,,,,,,,,,,
,22.102806203497,,,,,,,,,,,,,
,22.1234120828605,,,,,,,,,,,,,
,22.1447048248695,,,,,,,,,,,,,
,22.1673712921693,,,,,,,,,,,,,
,22.1827066666667,,,,,,,,,,,,,
,22.2016691666667,,,,,,,,,,,,,
,22.2242191666667,,,,,,,,,,,,,
,22.2462566666667,,,,,,,,,,,,,
,22.2708566666667,,,,,,,,,,,,,
,22.2928941666667,,,,,,,,,,,,,
,22.3133941666667,,,,,,,,,,,,,
,22.3374816666667,,,,,,,,,,,,,
,22.3600316666667,,,,,,,,,,,,,
,22.3774566666667,,,,,,,,,,,,,
,22.3979566666667,,,,,,,,,,,,,
,22.4225566666667,,,,,,,,,,,,,
,22.4440816666667,,,,,,,,,,,,,
,22.4656066666667,,,,,,,,,,,,,
,22.4871316666667,,,,,,,,,,,,,
,22.5117316666667,,,,,,,,,,,,,
,22.5332566666667,,,,,,,,,,,,,
,22.5527316666667,,,,,,,,,,,,,
,22.5722066666667,,,,,,,,,,,,,
,22.5937316666667,,,,,,,,,,,,,
,22.6110845611305,,,,,,,,,,,,,
,22.6296066666667,,,,,,,,,,,,,
,22.6490816666667,,,,,,,,,,,,,
,22.6735890618665,,,,,,,,,,,,,
,22.6962316666667,,,,,,,,,,,,,
,22.7146816666667,,,,,,,,,,,,,
,22.7362066666667,,,,,,,,,,,,,
,22.7556816666667,,,,,,,,,,,,,
,22.7772066666667,,,,,,,,,,,,,
,22.7966816666667,,,,,,,,,,,,,
,22.8192316666667,,,,,,,,,,,,,
,22.8397316666667,,,,,,,,,,,,,
,22.8627941666667,,,,,,,,,,,,,
,22.8879066666667,,,,,,,,,,,,,
,22.9186566666667,,,,,,,,,,,,,
,22.9432566666667,,,,,,,,,,,,,
,22.9704191666667,,,,,,,,,,,,,
,22.9975816666667,,,,,,,,,,,,,
,23.0283316666667,,,,,,,,,,,,,
,23.0611316666667,,,,,,,,,,,,,
,23.1000816666667,,,,,,,,,,,,,
,23.1318566666667,,,,,,,,,,,,,
,23.1615816666667,,,,,,,,,,,,,
,23.1923316666667,,,,,,,,,,,,,
,23.2210316666667,,,,,,,,,,,,,
,23.2569066666667,,,,,,,,,,,,,
,23.2876566666667,,,,,,,,,,,,,
,23.3153316666667,,,,,,,,,,,,,
,23.3460816666667,,,,,,,,,,,,,
,23.3717066666667,,,,,,,,,,,,,
,23.3963066666667,,,,,,,,,,,,,
,23.4209066666667,,,,,,,,,,,,,
,23.4414066666667,,,,,,,,,,,,,
,23.4649816666667,,,,,,,,,,,,,
,23.4926566666667,,,,,,,,,,,,,
,23.5234066666667,,,,,,,,,,,,,
,23.5500566666667,,,,,,,,,,,,,
,23.5808066666667,,,,,,,,,,,,,
,23.6115566666667,,,,,,,,,,,,,
,23.6382066666667,,,,,,,,,,,,,
,23.6556316666667,,,,,,,,,,,,,
,23.6792066666667,,,,,,,,,,,,,
,23.7027816666667,,,,,,,,,,,,,
,23.7253316666667,,,,,,,,,,,,,
,23.7519816666667,,,,,,,,,,,,,
,23.7724816666667,,,,,,,,,,,,,
,23.8011816666667,,,,,,,,,,,,,
,23.8247566666667,,,,,,,,,,,,,
,23.8473066666667,,,,,,,,,,,,,
,23.8749816666667,,,,,,,,,,,,,
,23.9023863345778,,,,,,,,,,,,,
,23.9231566666667,,,,,,,,,,,,,
,23.9472441666667,,,,,,,,,,,,,
,23.9692816666667,,,,,,,,,,,,,
,23.9949066666667,,,,,,,,,,,,,
,24.0174566666667,,,,,,,,,,,,,
,24.0420566666667,,,,,,,,,,,,,
,24.0656316666667,,,,,,,,,,,,,
,24.0912566666667,,,,,,,,,,,,,
,24.1107316666667,,,,,,,,,,,,,
,24.1338590460947,,,,,,,,,,,,,
,24.1558316666667,,,,,,,,,,,,,
,24.1794066666667,,,,,,,,,,,,,
,24.1999066666667,,,,,,,,,,,,,
,24.3218816666667,,,,,,,,,,,,,
,24.3413566666667,,,,,,,,,,,,,
,24.3628816666667,,,,,,,,,,,,,
,24.3823566666667,,,,,,,,,,,,,
,24.401048615175,,,,,,,,,,,,,
,24.4213066666667,,,,,,,,,,,,,
,24.4438566666667,,,,,,,,,,,,,
,24.4674316666667,,,,,,,,,,,,,
,24.4899816666667,,,,,,,,,,,,,
,24.5145816666667,,,,,,,,,,,,,
,24.5422566666667,,,,,,,,,,,,,
,24.5760816666667,,,,,,,,,,,,,
,24.5996566666667,,,,,,,,,,,,,
,24.6324566666667,,,,,,,,,,,,,
,24.6611566666667,,,,,,,,,,,,,
,24.6898566666667,,,,,,,,,,,,,
,24.7206066666667,,,,,,,,,,,,,
,24.7411066666667,,,,,,,,,,,,,
,24.7616066666667,,,,,,,,,,,,,
,24.7872316666667,,,,,,,,,,,,,
,24.8149066666667,,,,,,,,,,,,,
,24.8384816666667,,,,,,,,,,,,,
,24.8661566666667,,,,,,,,,,,,,
,24.8948566666667,,,,,,,,,,,,,
,24.9215066666667,,,,,,,,,,,,,
,24.9512316666667,,,,,,,,,,,,,
,24.9799316666667,,,,,,,,,,,,,
,25.0070941666667,,,,,,,,,,,,,
,25.0419441666667,,,,,,,,,,,,,
,25.0660316666667,,,,,,,,,,,,,
,25.0875566666667,,,,,,,,,,,,,
,25.1121566666667,,,,,,,,,,,,,
,25.1367566666667,,,,,,,,,,,,,
,25.1613566666667,,,,,,,,,,,,,
,25.1818566666667,,,,,,,,,,,,,
,25.2064566666667,,,,,,,,,,,,,
,25.2269566666667,,,,,,,,,,,,,
,25.4555316666667,,,,,,,,,,,,,
,25.4760316666667,,,,,,,,,,,,,
,25.4986551226052,,,,,,,,,,,,,
,25.5201066666667,,,,,,,,,,,,,
,25.5416316666667,,,,,,,,,,,,,
,25.5641816666667,,,,,,,,,,,,,
,25.5877566666667,,,,,,,,,,,,,
,25.6072316666667,,,,,,,,,,,,,
,25.6287566666667,,,,,,,,,,,,,
,25.6543816666667,,,,,,,,,,,,,
,25.6851316666667,,,,,,,,,,,,,
,25.7117816666667,,,,,,,,,,,,,
,25.7322816666667,,,,,,,,,,,,,
,25.7497066666667,,,,,,,,,,,,,
,25.7712316666667,,,,,,,,,,,,,
,25.7948066666667,,,,,,,,,,,,,
,25.8204316666667,,,,,,,,,,,,,
,25.8409316666667,,,,,,,,,,,,,
,25.8634816666667,,,,,,,,,,,,,
,25.8839816666667,,,,,,,,,,,,,
,25.9065316666667,,,,,,,,,,,,,
,25.9316441666667,,,,,,,,,,,,,
,25.9593191666667,,,,,,,,,,,,,
,25.9823816666667,,,,,,,,,,,,,
,26.0059566666667,,,,,,,,,,,,,
,26.0274816666667,,,,,,,,,,,,,
,26.0469566666667,,,,,,,,,,,,,
,26.0664316666667,,,,,,,,,,,,,
,26.0889816666667,,,,,,,,,,,,,
,26.1089691666667,,,,,,,,,,,,,
,26.1320316666667,,,,,,,,,,,,,
,26.1545816666667,,,,,,,,,,,,,
,26.1781566666667,,,,,,,,,,,,,
,26.2007066666667,,,,,,,,,,,,,
,26.2232566666667,,,,,,,,,,,,,
,26.2427316666667,,,,,,,,,,,,,
,26.2622066666667,,,,,,,,,,,,,
,26.2837391263553,,,,,,,,,,,,,
,26.3070924563006,,,,,,,,,,,,,
,26.3288316666667,,,,,,,,,,,,,
,26.3483066666667,,,,,,,,,,,,,
,26.3770066666667,,,,,,,,,,,,,
,26.4005816666667,,,,,,,,,,,,,
,26.4231316666667,,,,,,,,,,,,,
,26.4477316666667,,,,,,,,,,,,,
,26.4733566666667,,,,,,,,,,,,,
,26.5000066666667,,,,,,,,,,,,,
,26.5307566666667,,,,,,,,,,,,,
,26.5543316666667,,,,,,,,,,,,,
,26.5779066666667,,,,,,,,,,,,,
,26.6045566666667,,,,,,,,,,,,,
,26.6312066666667,,,,,,,,,,,,,
,26.6547816666667,,,,,,,,,,,,,
,26.6738771089713,,,,,,,,,,,,,
,26.6998816666667,,,,,,,,,,,,,
,26.7244816666667,,,,,,,,,,,,,
,26.7470316666667,,,,,,,,,,,,,
,26.7726566666667,,,,,,,,,,,,,
,26.796825522507,,,,,,,,,,,,,
,26.8198066666667,,,,,,,,,,,,,
,26.8423566666667,,,,,,,,,,,,,
,26.8638816666667,,,,,,,,,,,,,
,26.8884816666667,,,,,,,,,,,,,
,26.9151316666667,,,,,,,,,,,,,
,26.9387066666667,,,,,,,,,,,,,
,26.9715066666667,,,,,,,,,,,,,
,26.9971316666667,,,,,,,,,,,,,
,27.0299316666667,,,,,,,,,,,,,
,27.0596566666667,,,,,,,,,,,,,
,27.0863066666667,,,,,,,,,,,,,
,27.1129566666667,,,,,,,,,,,,,
,27.1437066666667,,,,,,,,,,,,,
,27.1785566666667,,,,,,,,,,,,,
,27.2169941666667,,,,,,,,,,,,,
,27.2503066666667,,,,,,,,,,,,,
,27.2810566666667,,,,,,,,,,,,,
,27.3138566666667,,,,,,,,,,,,,
,27.3538316666667,,,,,,,,,,,,,
,27.3774066666667,,,,,,,,,,,,,
,27.4061066666667,,,,,,,,,,,,,
,27.4296816666667,,,,,,,,,,,,,
,27.4583816666667,,,,,,,,,,,,,
,27.4870816666667,,,,,,,,,,,,,
,27.5157816666667,,,,,,,,,,,,,
,27.5403816666667,,,,,,,,,,,,,
,27.5690816666667,,,,,,,,,,,,,
,27.5926566666667,,,,,,,,,,,,,
,27.6172566666667,,,,,,,,,,,,,
,27.6439066666667,,,,,,,,,,,,,
,27.6736316666667,,,,,,,,,,,,,
,27.7084816666667,,,,,,,,,,,,,
,27.7351316666667,,,,,,,,,,,,,
,27.7587066666667,,,,,,,,,,,,,
,27.7884316666667,,,,,,,,,,,,,
,27.8120066666667,,,,,,,,,,,,,
,27.8325066666667,,,,,,,,,,,,,
,27.8530066666667,,,,,,,,,,,,,
,27.8796566666667,,,,,,,,,,,,,
,27.9013006563917,,,,,,,,,,,,,
,27.9206566666667,,,,,,,,,,,,,
,27.9432066666667,,,,,,,,,,,,,
,27.9616566666667,,,,,,,,,,,,,
,27.9802898606185,,,,,,,,,,,,,
,28.0026566666667,,,,,,,,,,,,,
,28.0231566666667,,,,,,,,,,,,,
,28.0477566666667,,,,,,,,,,,,,
,28.0754316666667,,,,,,,,,,,,,
,28.0964441666667,,,,,,,,,,,,,
,28.1225816666667,,,,,,,,,,,,,
,28.1425691666667,,,,,,,,,,,,,
,28.1635816666667,,,,,,,,,,,,,
,28.1881816666667,,,,,,,,,,,,,
,28.2045816666667,,,,,,,,,,,,,
,28.2230316666667,,,,,,,,,,,,,
,28.2460941666667,,,,,,,,,,,,,
,28.2676191666667,,,,,,,,,,,,,
,28.2886316666667,,,,,,,,,,,,,
,28.3081066666667,,,,,,,,,,,,,
,28.3306566666667,,,,,,,,,,,,,
,28.3521816666667,,,,,,,,,,,,,
,28.3696066666667,,,,,,,,,,,,,
,28.3880566666667,,,,,,,,,,,,,
,28.4054816666667,,,,,,,,,,,,,
,28.4270066666667,,,,,,,,,,,,,
,28.4475066666667,,,,,,,,,,,,,
,28.4669816666667,,,,,,,,,,,,,
,28.48327768072,,,,,,,,,,,,,
,28.5015805504474,,,,,,,,,,,,,
,28.5202816666667,,,,,,,,,,,,,
,28.5377066666667,,,,,,,,,,,,,
,28.5547865670969,,,,,,,,,,,,,
,28.6094566666667,,,,,,,,,,,,,
,28.6289316666667,,,,,,,,,,,,,
,28.6473816666667,,,,,,,,,,,,,
,28.6668566666667,,,,,,,,,,,,,
,28.7027316666667,,,,,,,,,,,,,
,28.7191316666667,,,,,,,,,,,,,
,28.7396316666667,,,,,,,,,,,,,
,28.7596191666667,,,,,,,,,,,,,
,28.7837066666667,,,,,,,,,,,,,
,28.8036941666667,,,,,,,,,,,,,
,28.8293191666667,,,,,,,,,,,,,
,28.8508441666667,,,,,,,,,,,,,
,28.8810816666667,,,,,,,,,,,,,
,28.9046566666667,,,,,,,,,,,,,
,28.9384816666667,,,,,,,,,,,,,
,28.9784566666667,,,,,,,,,,,,,
,29.0163816666667,,,,,,,,,,,,,
,29.0543066666667,,,,,,,,,,,,,
,29.0860816666667,,,,,,,,,,,,,
,29.1106816666667,,,,,,,,,,,,,
,29.1352816666667,,,,,,,,,,,,,
,29.1639816666667,,,,,,,,,,,,,
,29.1926816666667,,,,,,,,,,,,,
,29.2234316666667,,,,,,,,,,,,,
,29.2541816666667,,,,,,,,,,,,,
,29.2839066666667,,,,,,,,,,,,,
,29.3136316666667,,,,,,,,,,,,,
,29.3413066666667,,,,,,,,,,,,,
,29.3689816666667,,,,,,,,,,,,,
,29.3956316666667,,,,,,,,,,,,,
,29.4222816666667,,,,,,,,,,,,,
,29.4509816666667,,,,,,,,,,,,,
,29.4776316666667,,,,,,,,,,,,,
,29.5053066666667,,,,,,,,,,,,,
,29.5381066666667,,,,,,,,,,,,,
,29.5698816666667,,,,,,,,,,,,,
,29.5985816666667,,,,,,,,,,,,,
,29.6344566666667,,,,,,,,,,,,,
,29.6821191666667,,,,,,,,,,,,,
,29.7154316666667,,,,,,,,,,,,,
,29.7431066666667,,,,,,,,,,,,,
,29.7687316666667,,,,,,,,,,,,,
,29.7964066666667,,,,,,,,,,,,,
,29.8230566666667,,,,,,,,,,,,,
,29.8517566666667,,,,,,,,,,,,,
,29.8721675393381,,,,,,,,,,,,,
,29.9030066666667,,,,,,,,,,,,,
,29.9286316666667,,,,,,,,,,,,,
,29.9583566666667,,,,,,,,,,,,,
,29.9839816666667,,,,,,,,,,,,,
,30.0085816666667,,,,,,,,,,,,,
,30.0260066666667,,,,,,,,,,,,,
,30.0454063295488,,,,,,,,,,,,,
,30.0618816666667,,,,,,,,,,,,,
,30.0807351246041,,,,,,,,,,,,,
,30.0987816666667,,,,,,,,,,,,,
,30.1172316666667,,,,,,,,,,,,,
,30.1423441666667,,,,,,,,,,,,,
,30.1654066666667,,,,,,,,,,,,,
,30.1838566666667,,,,,,,,,,,,,
,30.2043566666667,,,,,,,,,,,,,
,30.2228066666667,,,,,,,,,,,,,
,30.2420557670853,,,,,,,,,,,,,
,30.2550941666667,,,,,,,,,,,,,
,30.2689316666667,,,,,,,,,,,,,
,30.2832816666667,,,,,,,,,,,,,
,30.3017316666667,,,,,,,,,,,,,
,30.3263316666667,,,,,,,,,,,,,
,30.3468316666667,,,,,,,,,,,,,
,30.3673316666667,,,,,,,,,,,,,
,30.3878316666667,,,,,,,,,,,,,
,30.4103816666667,,,,,,,,,,,,,
,30.4329316666667,,,,,,,,,,,,,
,30.4544566666667,,,,,,,,,,,,,
,30.4770066666667,,,,,,,,,,,,,
,30.4985316666667,,,,,,,,,,,,,
,30.5190316666667,,,,,,,,,,,,,
,30.5395316666667,,,,,,,,,,,,,
,30.5610566666667,,,,,,,,,,,,,
,30.5800191666667,,,,,,,,,,,,,
,31.0633066666667,,,,,,,,,,,,,
,31.0858566666667,,,,,,,,,,,,,
,31.1237816666667,,,,,,,,,,,,,
,31.1494066666667,,,,,,,,,,,,,
,31.1811816666667,,,,,,,,,,,,,
,31.2232066666667,,,,,,,,,,,,,
,31.2508816666667,,,,,,,,,,,,,
,31.2836816666667,,,,,,,,,,,,,
,31.3172429515381,,,,,,,,,,,,,
,31.3544066666667,,,,,,,,,,,,,
,31.3872066666667,,,,,,,,,,,,,
,31.4189816666667,,,,,,,,,,,,,
,31.4517816666667,,,,,,,,,,,,,
,31.4917566666667,,,,,,,,,,,,,
,31.5230191666667,,,,,,,,,,,,,
,31.5604316666667,,,,,,,,,,,,,
,31.5932316666667,,,,,,,,,,,,,
,31.6239816666667,,,,,,,,,,,,,
,31.6639566666667,,,,,,,,,,,,,
,31.6936816666667,,,,,,,,,,,,,
,31.7254566666667,,,,,,,,,,,,,
,31.7572316666667,,,,,,,,,,,,,
,31.7915691666667,,,,,,,,,,,,,
,31.8187316666667,,,,,,,,,,,,,
,31.8453816666667,,,,,,,,,,,,,
,31.8761316666667,,,,,,,,,,,,,
,31.9017566666667,,,,,,,,,,,,,
,31.9253316666667,,,,,,,,,,,,,
,31.9504441666667,,,,,,,,,,,,,
,31.9714566666667,,,,,,,,,,,,,
,31.9960566666667,,,,,,,,,,,,,
,32.0155316666667,,,,,,,,,,,,,
,32.0339816666667,,,,,,,,,,,,,
,32.0514066666667,,,,,,,,,,,,,
,32.0698566666667,,,,,,,,,,,,,
,32.1672316666667,,,,,,,,,,,,,
,32.1856816666667,,,,,,,,,,,,,
,32.2082316666667,,,,,,,,,,,,,
,32.2297566666667,,,,,,,,,,,,,
,32.2543566666667,,,,,,,,,,,,,
,32.277505140028,,,,,,,,,,,,,
,32.3004816666667,,,,,,,,,,,,,
,32.3230316666667,,,,,,,,,,,,,
,32.3445566666667,,,,,,,,,,,,,
,32.3681316666667,,,,,,,,,,,,,
,32.3886316666667,,,,,,,,,,,,,
,32.4101566666667,,,,,,,,,,,,,
,32.4316816666667,,,,,,,,,,,,,
,32.4501316666667,,,,,,,,,,,,,
,32.8146730841212,,,,,,,,,,,,,
,32.8396316666667,,,,,,,,,,,,,
,32.8673066666667,,,,,,,,,,,,,
,32.8938436368956,,,,,,,,,,,,,
,32.9189568767542,,,,,,,,,,,,,
,32.955562616209,,,,,,,,,,,,,
,32.9800566666667,,,,,,,,,,,,,
,33.0128566666667,,,,,,,,,,,,,
,33.0456566666667,,,,,,,,,,,,,
,33.0712816666667,,,,,,,,,,,,,
,33.1040816666667,,,,,,,,,,,,,
,33.1348316666667,,,,,,,,,,,,,
,33.1614816666667,,,,,,,,,,,,,
,33.1871066666667,,,,,,,,,,,,,
,33.2106816666667,,,,,,,,,,,,,
,33.2414316666667,,,,,,,,,,,,,
,33.2762816666667,,,,,,,,,,,,,
,33.3070316666667,,,,,,,,,,,,,
,33.3347066666667,,,,,,,,,,,,,
,33.5725066666667,,,,,,,,,,,,,
,33.5971066666667,,,,,,,,,,,,,
,33.6217066666667,,,,,,,,,,,,,
,33.6498941666667,,,,,,,,,,,,,
,33.6775691666667,,,,,,,,,,,,,
,33.7037066666667,,,,,,,,,,,,,
,33.7334316666667,,,,,,,,,,,,,
,33.7764816666667,,,,,,,,,,,,,
,33.8041566666667,,,,,,,,,,,,,
,33.8390066666667,,,,,,,,,,,,,
,33.8738566666667,,,,,,,,,,,,,
,33.9005066666667,,,,,,,,,,,,,
,33.9261316666667,,,,,,,,,,,,,
,33.9507316666667,,,,,,,,,,,,,
,33.9763566666667,,,,,,,,,,,,,
,34.0009566666667,,,,,,,,,,,,,
,34.0214566666667,,,,,,,,,,,,,
,34.0429816666667,,,,,,,,,,,,,
,34.0634816666667,,,,,,,,,,,,,
,34.0870566666667,,,,,,,,,,,,,
,34.1075566666667,,,,,,,,,,,,,
,34.1290816666667,,,,,,,,,,,,,
,34.1557316666667,,,,,,,,,,,,,
,34.1782816666667,,,,,,,,,,,,,
,34.2059566666667,,,,,,,,,,,,,
,34.2295316666667,,,,,,,,,,,,,
,34.2572066666667,,,,,,,,,,,,,
,34.2848816666667,,,,,,,,,,,,,
,34.3156316666667,,,,,,,,,,,,,
,34.3515066666667,,,,,,,,,,,,,
,34.3837941666667,,,,,,,,,,,,,
,34.4253066666667,,,,,,,,,,,,,
,34.4632316666667,,,,,,,,,,,,,
,34.4960316666667,,,,,,,,,,,,,
,34.5313941666667,,,,,,,,,,,,,
,34.5636816666667,,,,,,,,,,,,,
,34.5975066666667,,,,,,,,,,,,,
,34.6282566666667,,,,,,,,,,,,,
,34.6651566666667,,,,,,,,,,,,,
,34.6964191666667,,,,,,,,,,,,,
,34.7179441666667,,,,,,,,,,,,,
,34.7398795905661,,,,,,,,,,,,,
,34.7615066666667,,,,,,,,,,,,,
,34.7871316666667,,,,,,,,,,,,,
,34.8127566666667,,,,,,,,,,,,,
,34.8394066666667,,,,,,,,,,,,,
,34.8732316666667,,,,,,,,,,,,,
,34.9060316666667,,,,,,,,,,,,,
,34.9388316666667,,,,,,,,,,,,,
,34.9670191666667,,,,,,,,,,,,,
,35.0034066666667,,,,,,,,,,,,,
,35.0290316666667,,,,,,,,,,,,,
,35.0536316666667,,,,,,,,,,,,,
,35.0757159676577,,,,,,,,,,,,,
,35.0997566666667,,,,,,,,,,,,,
,35.1233316666667,,,,,,,,,,,,,
,35.1479316666667,,,,,,,,,,,,,
,35.1807316666667,,,,,,,,,,,,,
,35.2340316666667,,,,,,,,,,,,,
,35.2822066666667,,,,,,,,,,,,,
,35.3191066666667,,,,,,,,,,,,,
,35.3539566666667,,,,,,,,,,,,,
,35.3959816666667,,,,,,,,,,,,,
,35.4308316666667,,,,,,,,,,,,,
,35.4646566666667,,,,,,,,,,,,,
,35.4923316666667,,,,,,,,,,,,,
,35.5251316666667,,,,,,,,,,,,,
,35.5599816666667,,,,,,,,,,,,,
,35.5973941666667,,,,,,,,,,,,,
,35.6327566666667,,,,,,,,,,,,,
,35.6614566666667,,,,,,,,,,,,,
,35.6870816666667,,,,,,,,,,,,,
,35.7168066666667,,,,,,,,,,,,,
,35.7567816666667,,,,,,,,,,,,,
,35.7906066666667,,,,,,,,,,,,,
,35.8213566666667,,,,,,,,,,,,,
,35.8541566666667,,,,,,,,,,,,,
,35.8777316666667,,,,,,,,,,,,,
,35.9100191666667,,,,,,,,,,,,,
,35.9402566666667,,,,,,,,,,,,,
,36.0981066666667,,,,,,,,,,,,,
,36.1196316666667,,,,,,,,,,,,,
,36.1421816666667,,,,,,,,,,,,,
,36.1666521330387,,,,,,,,,,,,,
,36.1866575952989,,,,,,,,,,,,,
,36.2083656500919,,,,,,,,,,,,,
,36.2282816666667,,,,,,,,,,,,,
,36.2498066666667,,,,,,,,,,,,,
,36.2692816666667,,,,,,,,,,,,,
,36.2892387953991,,,,,,,,,,,,,
,36.3122237945917,,,,,,,,,,,,,
,36.3512816666667,,,,,,,,,,,,,
,36.3738316666667,,,,,,,,,,,,,
,36.3963816666667,,,,,,,,,,,,,
,36.4168816666667,,,,,,,,,,,,,
,36.8176566666667,,,,,,,,,,,,,
,36.8381566666667,,,,,,,,,,,,,
,36.8648066666667,,,,,,,,,,,,,
,36.8888941666667,,,,,,,,,,,,,
,36.9211816666667,,,,,,,,,,,,,
,36.9457816666667,,,,,,,,,,,,,
,36.9734566666667,,,,,,,,,,,,,
,36.9970316666667,,,,,,,,,,,,,
,37.0364941666667,,,,,,,,,,,,,
,37.0646816666667,,,,,,,,,,,,,
,37.0964566666667,,,,,,,,,,,,,
,37.1220816666667,,,,,,,,,,,,,
,37.1548816666667,,,,,,,,,,,,,
,37.1866566666667,,,,,,,,,,,,,
,37.2184316666667,,,,,,,,,,,,,
,37.2461066666667,,,,,,,,,,,,,
,37.2881316666667,,,,,,,,,,,,,
,39.0695724014345,,,,,,,,,,,,,
,39.0859816666667,,,,,,,,,,,,,
,39.1034066666667,,,,,,,,,,,,,
,39.1239066666667,,,,,,,,,,,,,
,39.1403066666667,,,,,,,,,,,,,
,39.1556816666667,,,,,,,,,,,,,
,39.1731066666667,,,,,,,,,,,,,
,39.1900191666667,,,,,,,,,,,,,
,39.2288704740747,,,,,,,,,,,,,
,39.2469066666667,,,,,,,,,,,,,
,39.2653566666667,,,,,,,,,,,,,
,39.2848316666667,,,,,,,,,,,,,
,39.3196816666667,,,,,,,,,,,,,
,39.3391566666667,,,,,,,,,,,,,
,39.3637566666667,,,,,,,,,,,,,
,39.3893816666667,,,,,,,,,,,,,
,39.4129566666667,,,,,,,,,,,,,
,39.4365316666667,,,,,,,,,,,,,
,39.4590816666667,,,,,,,,,,,,,
,39.4836816666667,,,,,,,,,,,,,
,39.5144316666667,,,,,,,,,,,,,
,39.5462066666667,,,,,,,,,,,,,
,39.5943816666667,,,,,,,,,,,,,
,39.6302566666667,,,,,,,,,,,,,
,39.6599816666667,,,,,,,,,,,,,
,39.6968816666667,,,,,,,,,,,,,
,39.7230191666667,,,,,,,,,,,,,
,39.7706816666667,,,,,,,,,,,,,
,39.8147566666667,,,,,,,,,,,,,
,39.9500566666667,,,,,,,,,,,,,
,39.9746566666667,,,,,,,,,,,,,
,40.0013066666667,,,,,,,,,,,,,
,40.0269316666667,,,,,,,,,,,,,
,40.0525566666667,,,,,,,,,,,,,
,40.0812566666667,,,,,,,,,,,,,
,40.1089316666667,,,,,,,,,,,,,
,40.1366066666667,,,,,,,,,,,,,
,40.1622316666667,,,,,,,,,,,,,
,40.1888816666667,,,,,,,,,,,,,
,40.2145066666667,,,,,,,,,,,,,
,40.2544816666667,,,,,,,,,,,,,
,40.2872816666667,,,,,,,,,,,,,
,40.3170066666667,,,,,,,,,,,,,
,40.3487816666667,,,,,,,,,,,,,
,40.3744066666667,,,,,,,,,,,,,
,40.4000316666667,,,,,,,,,,,,,
,40.4379566666667,,,,,,,,,,,,,
,40.4615316666667,,,,,,,,,,,,,
,40.4881816666667,,,,,,,,,,,,,
,40.5168816666667,,,,,,,,,,,,,
,40.5466066666667,,,,,,,,,,,,,
,40.5773566666667,,,,,,,,,,,,,
,40.6050316666667,,,,,,,,,,,,,
,40.6362941666667,,,,,,,,,,,,,
